publisher,momentum_mean,momentum_std,momentum_median,discovery_capture_mean,discovery_capture_std,discovery_capture_median,quality_retention_mean,quality_retention_std,quality_retention_median,rating_7_days_avg_mean,rating_7_days_avg_std,rating_7_days_avg_median,rating_30_days_avg_mean,rating_30_days_avg_std,rating_30_days_avg_median,rating_alltime_avg_mean,rating_alltime_avg_std,rating_alltime_avg_median,rating_7_days_count_mean,rating_7_days_count_std,rating_7_days_count_median,rating_30_days_count_mean,rating_30_days_count_std,rating_30_days_count_median,rating_alltime_count_mean,rating_alltime_count_std,rating_alltime_count_median,has_gamepass_remediation_sum,title_count
Art Games Studio S.A.,100.0,,100.0,1.12,,1.12,-1.1,,-1.1,2.0,,2.0,2.0,,2.0,3.1,,3.1,1.0,,1.0,1.0,,1.0,89.0,,89.0,0.0,1.0
10tons Ltd.,0.0,0.0,0.0,0.0,0.0,0.0,-4.1,0.42,-4.1,0.0,0.0,0.0,0.0,0.0,0.0,4.1,0.42,4.1,0.0,0.0,0.0,0.0,0.0,0.0,254.0,254.56,254.0,0.0,2.0
11 bit studios,10.54,13.47,5.43,0.41,1.05,0.03,-0.24,1.38,0.2,2.47,2.41,3.0,3.89,1.78,4.2,4.13,0.57,4.3,1.43,2.51,1.0,21.14,47.68,3.0,1676.29,1566.66,1785.0,3.0,7.0
13AM Games,0.0,,0.0,0.0,,0.0,-2.6,,-2.6,0.0,,0.0,0.0,,0.0,2.6,,2.6,0.0,,0.0,0.0,,0.0,1759.0,,1759.0,0.0,1.0
2K,24.39,38.78,0.0,0.94,3.01,0.0,-0.33,1.71,0.3,2.05,2.4,0.0,3.35,1.8,3.8,3.67,0.77,3.5,1.82,2.79,0.0,7.73,11.9,2.0,5578.73,7112.02,3452.0,0.0,11.0
2K Games,30.48,26.75,40.0,0.19,0.2,0.16,-0.06,0.38,-0.2,2.64,2.21,3.0,4.4,0.47,4.3,4.46,0.13,4.5,2.14,2.07,2.0,6.36,2.47,6.0,3122.07,2936.31,1261.0,0.0,14.0
505 Games,31.23,30.8,24.62,0.17,0.26,0.05,-0.44,1.76,0.3,2.97,2.3,4.2,3.73,1.84,4.65,4.17,0.43,4.3,6.0,9.91,1.5,19.29,32.43,3.5,6974.14,10485.43,2699.0,7.0,28.0
"8-4, Ltd.",25.53,,25.53,0.16,,0.16,0.3,,0.3,4.4,,4.4,4.8,,4.8,4.5,,4.5,12.0,,12.0,47.0,,47.0,7554.0,,7554.0,0.0,1.0
ARC SYSTEM WORKS,0.0,0.0,0.0,0.0,0.0,0.0,-1.65,3.61,-1.65,0.0,0.0,0.0,2.5,3.54,2.5,4.15,0.07,4.15,0.0,0.0,0.0,0.5,0.71,0.5,537.5,736.1,537.5,0.0,2.0
Accelerate Games,0.0,,0.0,0.0,,0.0,1.5,,1.5,0.0,,0.0,5.0,,5.0,3.5,,3.5,0.0,,0.0,2.0,,2.0,275.0,,275.0,0.0,1.0
Activision,23.63,15.85,25.0,0.17,0.13,0.16,-0.44,2.13,0.3,3.64,2.1,4.7,3.28,1.87,4.0,3.72,0.36,3.9,11.4,12.93,10.0,41.0,52.19,25.0,6205.6,7992.23,3169.0,2.0,5.0
Activision Publishing Inc.,19.59,22.42,14.95,0.57,0.93,0.26,-0.32,1.52,0.0,1.82,1.7,2.7,2.88,1.47,2.7,3.2,0.87,3.0,37.8,52.01,9.0,204.0,341.7,17.0,10570.2,20055.34,2266.0,4.0,5.0
Adult Swim Games,0.0,0.0,0.0,0.0,0.0,0.0,-4.0,0.6,-4.3,0.0,0.0,0.0,0.0,0.0,0.0,4.0,0.6,4.3,0.0,0.0,0.0,0.0,0.0,0.0,360.8,258.61,329.0,0.0,5.0
Aggro Crab,31.11,,31.11,0.22,,0.22,0.0,,0.0,4.4,,4.4,4.1,,4.1,4.1,,4.1,14.0,,14.0,45.0,,45.0,6490.0,,6490.0,1.0,1.0
Alliance Digital Media,0.0,,0.0,0.0,,0.0,-3.1,,-3.1,0.0,,0.0,0.0,,0.0,3.1,,3.1,0.0,,0.0,0.0,,0.0,186.0,,186.0,0.0,1.0
Amanita Design s.r.o.,33.34,47.14,33.34,0.32,0.46,0.32,-2.5,3.11,-2.5,2.0,2.83,2.0,2.15,3.04,2.15,4.65,0.07,4.65,1.0,1.41,1.0,1.5,2.12,1.5,231.5,111.02,231.5,0.0,2.0
Amplitude STUDIOS,0.0,,0.0,0.0,,0.0,-2.8,,-2.8,0.0,,0.0,0.0,,0.0,2.8,,2.8,0.0,,0.0,0.0,,0.0,358.0,,358.0,0.0,1.0
Annapurna Interactive,27.81,36.95,17.9,0.06,0.1,0.02,-0.71,1.86,0.1,2.57,2.36,3.1,3.46,2.16,4.8,4.17,0.51,4.25,2.5,3.61,1.0,9.75,15.03,1.5,5174.58,3463.39,4434.5,2.0,12.0
Another Indie,100.0,,100.0,0.12,,0.12,-1.8,,-1.8,1.0,,1.0,1.0,,1.0,2.8,,2.8,1.0,,1.0,1.0,,1.0,850.0,,850.0,0.0,1.0
Another Indie Studio,0.0,,0.0,0.0,,0.0,-3.0,,-3.0,0.0,,0.0,0.0,,0.0,3.0,,3.0,0.0,,0.0,0.0,,0.0,145.0,,145.0,0.0,1.0
Arc Games,9.83,13.46,0.0,0.02,0.03,0.0,-0.24,2.27,0.6,1.98,2.71,0.0,3.28,2.02,4.3,3.52,0.53,3.7,1.8,3.03,0.0,8.2,12.03,3.0,4059.8,3846.34,1960.0,0.0,5.0
Aspyr,16.67,14.43,25.0,0.05,0.04,0.07,-1.3,1.21,-0.6,3.33,2.89,5.0,2.53,2.19,3.8,3.83,0.98,4.4,0.67,0.58,1.0,2.67,2.31,4.0,1119.0,708.41,1528.0,0.0,3.0
Aspyr Media,16.67,40.82,0.0,0.08,0.21,0.0,-3.2,2.46,-4.3,0.83,2.04,0.0,0.83,2.04,0.0,4.03,0.45,4.3,0.17,0.41,0.0,0.17,0.41,0.0,1184.5,490.95,1425.0,0.0,6.0
Asteroid Base Inc.,33.33,,33.33,0.04,,0.04,0.8,,0.8,5.0,,5.0,5.0,,5.0,4.2,,4.2,1.0,,1.0,3.0,,3.0,2511.0,,2511.0,0.0,1.0
Asymmetric Publications,100.0,,100.0,0.65,,0.65,-3.5,,-3.5,1.0,,1.0,1.0,,1.0,4.5,,4.5,1.0,,1.0,1.0,,1.0,153.0,,153.0,0.0,1.0
"Atari, Digital Eclipse",0.0,0.0,0.0,0.0,0.0,0.0,-3.3,0.0,-3.3,0.0,0.0,0.0,0.0,0.0,0.0,3.3,0.0,3.3,0.0,0.0,0.0,0.0,0.0,0.0,7592.0,0.0,7592.0,0.0,4.0
Avalanche Studios,38.95,14.6,44.44,0.33,0.24,0.2,0.3,0.36,0.4,3.87,0.32,4.0,3.97,0.51,4.1,3.67,0.29,3.5,36.0,43.59,16.0,144.0,208.19,36.0,8787.33,5705.8,9043.0,3.0,3.0
Awaken Realms Digital,60.0,,60.0,0.15,,0.15,-0.1,,-0.1,4.7,,4.7,3.8,,3.8,3.9,,3.9,3.0,,3.0,5.0,,5.0,1997.0,,1997.0,0.0,1.0
BANDAI NAMCO Entertainment,39.27,22.98,30.0,0.12,0.07,0.11,0.29,0.57,0.3,4.22,1.34,4.7,4.19,0.43,4.05,3.9,0.57,3.9,5.12,6.73,3.0,16.38,22.77,9.0,5593.0,8741.47,2802.0,0.0,8.0
BANDAI NAMCO Entertainment America Inc.,43.87,20.13,36.36,0.16,0.08,0.2,0.23,0.15,0.2,4.4,0.17,4.5,4.47,0.21,4.4,4.23,0.25,4.2,4.67,3.06,4.0,13.0,9.54,14.0,3391.33,2261.05,3687.0,0.0,3.0
BANDAI NAMCO Entertainment Inc.,18.27,23.79,11.54,0.15,0.17,0.13,-0.45,2.59,0.6,2.3,2.68,2.1,3.7,2.47,4.9,4.15,0.34,4.2,1.75,2.87,0.5,7.25,12.53,1.5,719.0,761.72,453.0,0.0,4.0
Bandai Namco Entertainment America Inc.,11.15,15.41,0.0,0.03,0.06,0.0,-1.52,2.54,-0.7,1.76,2.43,0.0,2.24,2.31,2.0,3.76,0.71,3.8,1.0,1.73,0.0,3.6,5.5,1.0,1799.8,1625.06,1316.0,1.0,5.0
Bandai Namco Entertainment Inc.,44.44,,44.44,0.11,,0.11,0.2,,0.2,4.0,,4.0,3.3,,3.3,3.1,,3.1,4.0,,4.0,9.0,,9.0,3621.0,,3621.0,0.0,1.0
Beam Team Publishing,23.08,,23.08,0.04,,0.04,1.1,,1.1,5.0,,5.0,4.2,,4.2,3.1,,3.1,3.0,,3.0,13.0,,13.0,8241.0,,8241.0,0.0,1.0
Beamdog,21.43,0.0,21.43,0.39,0.0,0.39,-0.8,0.0,-0.8,2.7,0.0,2.7,3.1,0.0,3.1,3.9,0.0,3.9,3.0,0.0,3.0,14.0,0.0,14.0,772.0,0.0,772.0,3.0,3.0
Bedtime Digital Games,0.0,0.0,0.0,0.0,0.0,0.0,-1.8,3.68,-1.8,0.0,0.0,0.0,2.4,3.39,2.4,4.2,0.28,4.2,0.0,0.0,0.0,2.0,2.83,2.0,1125.0,246.07,1125.0,0.0,2.0
Behaviour Interactive Inc.,32.04,,32.04,0.3,,0.3,-0.2,,-0.2,3.1,,3.1,3.1,,3.1,3.3,,3.3,91.0,,91.0,284.0,,284.0,30220.0,,30220.0,1.0,1.0
Bethesda Softworks,25.07,24.26,22.22,0.12,0.16,0.07,-0.76,1.71,0.0,2.82,1.94,3.5,3.27,1.85,4.2,4.03,0.63,4.3,10.31,34.18,3.0,32.69,97.16,11.0,8675.83,23339.43,1944.0,32.0,35.0
Big Ant Studios,0.0,,0.0,0.0,,0.0,-3.1,,-3.1,0.0,,0.0,0.0,,0.0,3.1,,3.1,0.0,,0.0,0.0,,0.0,523.0,,523.0,0.0,1.0
Big Ant Studios PTY,0.0,,0.0,0.0,,0.0,-4.0,,-4.0,0.0,,0.0,0.0,,0.0,4.0,,4.0,0.0,,0.0,0.0,,0.0,1609.0,,1609.0,0.0,1.0
Big Cheese Studio,30.0,,30.0,0.13,,0.13,-0.3,,-0.3,1.3,,1.3,2.5,,2.5,2.8,,2.8,3.0,,3.0,10.0,,10.0,2365.0,,2365.0,1.0,1.0
Big Sugar Games,0.0,,0.0,0.0,,0.0,-3.0,,-3.0,0.0,,0.0,0.0,,0.0,3.0,,3.0,0.0,,0.0,0.0,,0.0,1268.0,,1268.0,0.0,1.0
Bigben,50.0,,50.0,0.07,,0.07,2.6,,2.6,5.0,,5.0,5.0,,5.0,2.4,,2.4,1.0,,1.0,2.0,,2.0,1416.0,,1416.0,0.0,1.0
Bigben Interactive,15.0,33.75,0.0,0.01,0.03,0.0,-1.1,2.18,-2.0,0.6,1.58,0.0,2.23,1.77,2.0,3.33,0.7,3.55,0.2,0.42,0.0,1.1,0.88,1.0,1556.5,737.56,1767.0,0.0,10.0
Billy Goat Entertainment Ltd,0.0,,0.0,0.0,,0.0,-3.3,,-3.3,0.0,,0.0,0.0,,0.0,3.3,,3.3,0.0,,0.0,0.0,,0.0,485.0,,485.0,0.0,1.0
Bitmap Bureau Ltd.,0.0,,0.0,0.0,,0.0,-3.5,,-3.5,0.0,,0.0,0.0,,0.0,3.5,,3.5,0.0,,0.0,0.0,,0.0,695.0,,695.0,0.0,1.0
Black Forest Games GmbH,66.67,0.0,66.67,0.11,0.0,0.11,1.2,0.0,1.2,5.0,0.0,5.0,5.0,0.0,5.0,3.8,0.0,3.8,2.0,0.0,2.0,3.0,0.0,3.0,1903.0,0.0,1903.0,0.0,2.0
BlackMill Games ,30.77,,30.77,0.12,,0.12,0.8,,0.8,4.8,,4.8,4.4,,4.4,3.6,,3.6,4.0,,4.0,13.0,,13.0,3345.0,,3345.0,0.0,1.0
Blackbird Interactive,20.0,,20.0,0.05,,0.05,1.2,,1.2,5.0,,5.0,5.0,,5.0,3.8,,3.8,1.0,,1.0,5.0,,5.0,1987.0,,1987.0,0.0,1.0
Blizzard Entertainment,33.27,6.77,33.33,6.8,11.44,0.35,0.13,0.4,0.2,3.0,1.0,3.0,3.93,0.64,4.3,3.8,0.8,3.8,4.0,4.36,2.0,14.0,17.35,5.0,7641.0,12737.2,573.0,1.0,3.0
Bloober Team NA,60.0,,60.0,0.04,,0.04,0.0,,0.0,2.7,,2.7,3.4,,3.4,3.4,,3.4,3.0,,3.0,5.0,,5.0,6839.0,,6839.0,0.0,1.0
Bloober Team S.A.,26.47,,26.47,0.01,,0.01,0.1,,0.1,4.9,,4.9,4.6,,4.6,4.5,,4.5,9.0,,9.0,34.0,,34.0,122037.0,,122037.0,0.0,1.0
Blue Sunset Games,0.0,,0.0,0.0,,0.0,-3.5,,-3.5,0.0,,0.0,0.0,,0.0,3.5,,3.5,0.0,,0.0,0.0,,0.0,64.0,,64.0,0.0,1.0
Bohemia Interactive a.s.,27.14,,27.14,0.14,,0.14,0.6,,0.6,3.8,,3.8,3.4,,3.4,2.8,,2.8,38.0,,38.0,140.0,,140.0,26988.0,,26988.0,1.0,1.0
Boneloaf,26.56,,26.56,0.16,,0.16,0.5,,0.5,4.1,,4.1,4.4,,4.4,3.9,,3.9,34.0,,34.0,128.0,,128.0,21166.0,,21166.0,1.0,1.0
Born Ready Games,0.0,,0.0,0.0,,0.0,-2.7,,-2.7,0.0,,0.0,0.0,,0.0,2.7,,2.7,0.0,,0.0,0.0,,0.0,5859.0,,5859.0,0.0,1.0
Bossa Studios,53.33,,53.33,0.05,,0.05,-2.0,,-2.0,1.8,,1.8,1.5,,1.5,3.5,,3.5,8.0,,8.0,15.0,,15.0,15818.0,,15818.0,0.0,1.0
Brave At Night,0.0,,0.0,0.0,,0.0,-3.2,,-3.2,0.0,,0.0,0.0,,0.0,3.2,,3.2,0.0,,0.0,0.0,,0.0,508.0,,508.0,0.0,1.0
Broken Rules,0.0,,0.0,0.0,,0.0,1.3,,1.3,0.0,,0.0,5.0,,5.0,3.7,,3.7,0.0,,0.0,2.0,,2.0,1451.0,,1451.0,0.0,1.0
Bulkhead Interactive,0.0,0.0,0.0,0.0,0.0,0.0,-0.2,0.0,-0.2,0.0,0.0,0.0,4.0,0.0,4.0,4.2,0.0,4.2,0.0,0.0,0.0,1.0,0.0,1.0,3158.0,0.0,3158.0,0.0,4.0
Butterscotch Shenanigans,100.0,,100.0,0.18,,0.18,1.3,,1.3,5.0,,5.0,5.0,,5.0,3.7,,3.7,1.0,,1.0,1.0,,1.0,543.0,,543.0,0.0,1.0
CAPCOM,0.0,,0.0,0.0,,0.0,-4.5,,-4.5,0.0,,0.0,0.0,,0.0,4.5,,4.5,0.0,,0.0,0.0,,0.0,291.0,,291.0,0.0,1.0
"CAPCOM CO,. LTD.",43.48,,43.48,0.53,,0.53,0.1,,0.1,4.0,,4.0,4.4,,4.4,4.3,,4.3,10.0,,10.0,23.0,,23.0,1877.0,,1877.0,0.0,1.0
"CAPCOM CO., LTD.",33.77,28.94,29.3,1.51,4.11,0.24,-0.51,1.41,0.0,3.41,1.93,4.1,3.78,1.63,4.4,4.29,0.52,4.3,7.16,11.82,2.0,20.79,36.89,9.0,2707.79,4491.51,549.0,0.0,19.0
"CAPCOM Co., Ltd.",25.0,0.0,25.0,0.09,0.0,0.09,-0.4,0.0,-0.4,1.0,0.0,1.0,4.0,0.0,4.0,4.4,0.0,4.4,1.0,0.0,1.0,4.0,0.0,4.0,1091.0,0.0,1091.0,0.0,4.0
CD PROJEKT RED,52.5,5.59,50.0,0.15,0.07,0.12,-0.12,0.27,0.0,4.6,0.89,5.0,3.84,0.36,4.0,3.96,0.09,4.0,2.6,1.34,2.0,4.8,1.79,4.0,1703.0,55.9,1678.0,0.0,5.0
Campo Santo,27.62,,27.62,0.22,,0.22,0.1,,0.1,4.9,,4.9,4.7,,4.7,4.6,,4.6,50.0,,50.0,181.0,,181.0,23150.0,,23150.0,1.0,1.0
Capcom,28.7,19.38,33.33,0.34,0.47,0.08,0.62,0.2,0.6,4.17,2.04,5.0,4.88,0.24,5.0,4.27,0.2,4.3,1.33,1.37,1.0,4.5,3.56,3.0,1318.33,1428.6,616.5,0.0,6.0
"Capcom Co., LTD.",20.0,,20.0,0.04,,0.04,1.0,,1.0,5.0,,5.0,5.0,,5.0,4.0,,4.0,1.0,,1.0,5.0,,5.0,2844.0,,2844.0,0.0,1.0
"Capcom Entertainment, Inc.",40.0,22.36,50.0,0.4,0.22,0.5,-2.12,0.27,-2.0,0.8,0.45,1.0,1.56,0.31,1.7,3.68,0.04,3.7,2.4,1.34,3.0,5.0,2.24,6.0,499.8,212.87,595.0,0.0,5.0
"Capcom U.S.A., Inc",54.44,18.01,62.5,0.36,0.14,0.42,-0.44,0.54,-0.2,3.72,0.72,3.4,3.76,0.54,4.0,4.2,0.0,4.2,4.4,1.34,5.0,8.2,0.45,8.0,1372.4,385.5,1200.0,0.0,5.0
Capy,0.0,,0.0,0.0,,0.0,-2.5,,-2.5,0.0,,0.0,1.0,,1.0,3.5,,3.5,0.0,,0.0,1.0,,1.0,790.0,,790.0,0.0,1.0
Cellar Door Games,66.67,,66.67,0.31,,0.31,1.1,,1.1,5.0,,5.0,5.0,,5.0,3.9,,3.9,2.0,,2.0,3.0,,3.0,651.0,,651.0,0.0,1.0
Chainsawesome Games,100.0,0.0,100.0,0.02,0.0,0.02,1.6,0.0,1.6,5.0,0.0,5.0,5.0,0.0,5.0,3.4,0.0,3.4,1.0,0.0,1.0,1.0,0.0,1.0,4888.0,0.0,4888.0,0.0,4.0
Cherry Pop Games,0.0,,0.0,0.0,,0.0,-2.9,,-2.9,0.0,,0.0,0.0,,0.0,2.9,,2.9,0.0,,0.0,0.0,,0.0,5113.0,,5113.0,0.0,1.0
Chorus Worldwide Games,0.0,0.0,0.0,0.0,0.0,0.0,0.26,1.43,0.9,0.0,0.0,0.0,4.2,1.79,5.0,3.94,0.36,4.1,0.0,0.0,0.0,4.2,1.79,5.0,4995.4,2454.31,6093.0,0.0,5.0
Chromatic Games,0.0,,0.0,0.0,,0.0,-0.4,,-0.4,0.0,,0.0,3.0,,3.0,3.4,,3.4,0.0,,0.0,2.0,,2.0,468.0,,468.0,0.0,1.0
Chucklefish,22.22,36.0,0.0,0.06,0.12,0.0,-0.92,1.79,-0.1,1.37,2.12,0.0,2.72,2.12,3.9,3.63,0.48,3.75,1.0,2.0,0.0,1.67,2.25,1.0,858.17,550.11,976.0,1.0,6.0
Clever Endeavour Games,20.69,,20.69,0.3,,0.3,0.0,,0.0,3.5,,3.5,4.2,,4.2,4.2,,4.2,6.0,,6.0,29.0,,29.0,2032.0,,2032.0,1.0,1.0
Clickteam LLC USA,34.75,11.65,39.91,0.54,0.25,0.54,0.3,0.16,0.3,4.75,0.24,4.75,4.82,0.1,4.85,4.53,0.1,4.55,21.25,14.73,23.5,56.0,32.28,56.5,3611.25,1969.81,3265.5,0.0,4.0
Coatsink,0.0,,0.0,0.0,,0.0,1.7,,1.7,0.0,,0.0,5.0,,5.0,3.3,,3.3,0.0,,0.0,1.0,,1.0,1296.0,,1296.0,0.0,1.0
Coatsink Software Ltd,0.0,,0.0,0.0,,0.0,-0.3,,-0.3,0.0,,0.0,2.3,,2.3,2.6,,2.6,0.0,,0.0,6.0,,6.0,2346.0,,2346.0,0.0,1.0
Cococucumber,45.84,29.47,45.84,0.08,0.05,0.08,0.7,0.0,0.7,4.0,1.41,4.0,4.75,0.35,4.75,4.05,0.35,4.05,1.5,0.71,1.5,3.5,0.71,3.5,3039.0,2961.36,3039.0,0.0,2.0
Codemasters,22.7,26.28,27.19,0.07,0.11,0.06,-1.27,2.19,0.1,1.93,1.99,2.0,2.57,2.07,3.45,3.84,0.49,3.95,1.33,2.83,1.0,4.11,8.2,1.5,2046.67,1681.56,1738.0,1.0,18.0
Codemasters Software Company Limited,6.67,11.55,0.0,0.02,0.03,0.0,-0.93,2.66,0.5,1.67,2.89,0.0,3.33,2.89,5.0,4.27,0.25,4.3,0.33,0.58,0.0,3.0,2.65,4.0,999.0,672.06,764.0,0.0,3.0
Coffee Stain Publishing,28.33,,28.33,0.12,,0.12,0.1,,0.1,4.9,,4.9,4.6,,4.6,4.5,,4.5,17.0,,17.0,60.0,,60.0,14165.0,,14165.0,1.0,1.0
Coffee Stain Publishing ,20.83,,20.83,0.15,,0.15,0.3,,0.3,4.4,,4.4,4.4,,4.4,4.1,,4.1,15.0,,15.0,72.0,,72.0,10065.0,,10065.0,0.0,1.0
Coffee Stain Publishing AB,29.81,7.34,29.81,0.47,0.2,0.47,0.1,0.14,0.1,4.5,0.28,4.5,4.55,0.21,4.55,4.45,0.07,4.45,11.5,6.36,11.5,42.5,31.82,42.5,2964.5,2567.5,2964.5,2.0,2.0
Cold Iron Studios ,30.56,0.0,30.56,0.13,0.0,0.13,0.5,0.0,0.5,3.4,0.0,3.4,3.7,0.0,3.7,3.2,0.0,3.2,11.0,0.0,11.0,36.0,0.0,36.0,8579.0,0.0,8579.0,4.0,4.0
ConcernedApe,34.44,,34.44,0.25,,0.25,-0.2,,-0.2,4.4,,4.4,4.5,,4.5,4.7,,4.7,31.0,,31.0,90.0,,90.0,12429.0,,12429.0,1.0,1.0
Craftshop Arts Inc.,41.67,,41.67,0.27,,0.27,1.4,,1.4,3.4,,3.4,3.7,,3.7,2.3,,2.3,5.0,,5.0,12.0,,12.0,1833.0,,1833.0,1.0,1.0
Crescent Moon Games,0.0,,0.0,0.0,,0.0,-1.3,,-1.3,0.0,,0.0,1.0,,1.0,2.3,,2.3,0.0,,0.0,1.0,,1.0,6092.0,,6092.0,0.0,1.0
Crunching Koalas,0.0,,0.0,0.0,,0.0,1.8,,1.8,0.0,,0.0,5.0,,5.0,3.2,,3.2,0.0,,0.0,1.0,,1.0,174.0,,174.0,0.0,1.0
Crystal Dynamics,19.46,17.47,33.33,0.1,0.17,0.06,0.26,0.79,0.1,2.37,2.18,3.2,4.25,0.77,4.6,3.99,0.45,3.8,10.19,13.54,5.0,32.76,36.74,15.0,15242.29,22928.68,2121.0,19.0,21.0
Crytek,38.52,42.0,14.29,0.94,1.3,0.21,0.49,0.27,0.6,3.91,0.92,4.2,4.44,0.47,4.7,3.96,0.42,4.1,2.43,2.44,1.0,6.86,0.69,7.0,522.43,354.35,468.0,0.0,7.0
Curve Digital,26.32,35.28,0.0,0.06,0.09,0.0,-0.79,2.0,-0.2,1.63,2.11,0.0,2.91,2.12,4.0,3.7,0.47,3.7,0.47,0.61,0.0,1.26,0.99,1.0,909.63,445.36,998.0,0.0,19.0
Curve Games,24.67,34.96,9.62,0.05,0.06,0.04,-0.69,2.11,0.1,2.14,2.35,1.75,2.94,1.94,3.6,3.62,0.57,3.9,2.0,2.98,0.5,7.25,10.25,2.5,3285.75,3326.24,2361.5,2.0,8.0
"Cyan Worlds, Inc.",0.0,,0.0,0.0,,0.0,1.4,,1.4,0.0,,0.0,5.0,,5.0,3.6,,3.6,0.0,,0.0,3.0,,3.0,1717.0,,1717.0,0.0,1.0
CyberConnect2,100.0,,100.0,0.09,,0.09,0.9,,0.9,5.0,,5.0,5.0,,5.0,4.1,,4.1,1.0,,1.0,1.0,,1.0,1115.0,,1115.0,0.0,1.0
D3 Publisher,0.0,,0.0,0.0,,0.0,0.8,,0.8,0.0,,0.0,5.0,,5.0,4.2,,4.2,0.0,,0.0,6.0,,6.0,505.0,,505.0,0.0,1.0
"D3Publisher of America, Inc.",44.44,,44.44,0.47,,0.47,0.3,,0.3,5.0,,5.0,4.7,,4.7,4.4,,4.4,4.0,,4.0,9.0,,9.0,859.0,,859.0,0.0,1.0
"D3Publisher, Inc.",0.0,,0.0,0.0,,0.0,1.2,,1.2,0.0,,0.0,5.0,,5.0,3.8,,3.8,0.0,,0.0,1.0,,1.0,472.0,,472.0,0.0,1.0
DAEDALIC Entertainment GmbH,100.0,,100.0,0.24,,0.24,-0.1,,-0.1,4.5,,4.5,4.5,,4.5,4.6,,4.6,2.0,,2.0,2.0,,2.0,849.0,,849.0,0.0,1.0
DANGEN Entertainment,50.0,,50.0,0.09,,0.09,0.3,,0.3,4.0,,4.0,4.5,,4.5,4.2,,4.2,1.0,,1.0,2.0,,2.0,1059.0,,1059.0,0.0,1.0
DECK13 Spotlight,0.0,,0.0,0.0,,0.0,0.7,,0.7,0.0,,0.0,5.0,,5.0,4.3,,4.3,0.0,,0.0,1.0,,1.0,1195.0,,1195.0,0.0,1.0
DON'T NOD,13.41,,13.41,7.86,,7.86,-0.5,,-0.5,4.2,,4.2,3.5,,3.5,4.0,,4.0,151.0,,151.0,1126.0,,1126.0,1922.0,,1922.0,1.0,1.0
Daedalic Entertainment,0.0,,0.0,0.0,,0.0,-3.3,,-3.3,0.0,,0.0,0.0,,0.0,3.3,,3.3,0.0,,0.0,0.0,,0.0,345.0,,345.0,0.0,1.0
Daedalic Entertainment GmbH,0.0,0.0,0.0,0.0,0.0,0.0,-3.3,1.13,-3.3,0.0,0.0,0.0,1.0,1.41,1.0,4.3,0.28,4.3,0.0,0.0,0.0,0.5,0.71,0.5,317.5,125.16,317.5,0.0,2.0
Dan Fornace,50.0,,50.0,0.08,,0.08,1.2,,1.2,5.0,,5.0,5.0,,5.0,3.8,,3.8,2.0,,2.0,4.0,,4.0,2431.0,,2431.0,0.0,1.0
Daniel Mullins Games,0.0,,0.0,0.0,,0.0,-4.5,,-4.5,0.0,,0.0,0.0,,0.0,4.5,,4.5,0.0,,0.0,0.0,,0.0,41.0,,41.0,0.0,1.0
Dear Villagers,17.61,32.05,0.0,0.12,0.21,0.0,-2.18,1.98,-3.1,1.36,1.97,0.0,1.47,1.8,0.0,3.64,0.7,4.0,4.22,10.5,0.0,7.67,11.86,0.0,1619.33,1413.57,894.0,0.0,9.0
Deck13 Spotlight,0.0,,0.0,0.0,,0.0,0.7,,0.7,0.0,,0.0,5.0,,5.0,4.3,,4.3,0.0,,0.0,2.0,,2.0,3890.0,,3890.0,0.0,1.0
Deco Digital & Bevel Studios,100.0,,100.0,0.03,,0.03,1.0,,1.0,4.5,,4.5,4.5,,4.5,3.5,,3.5,2.0,,2.0,2.0,,2.0,6919.0,,6919.0,0.0,1.0
"Decoy Games, LLC",0.0,,0.0,0.0,,0.0,-2.4,,-2.4,0.0,,0.0,0.0,,0.0,2.4,,2.4,0.0,,0.0,0.0,,0.0,338.0,,338.0,0.0,1.0
Deep Silver,35.32,34.51,20.37,0.17,0.26,0.12,0.16,1.18,0.0,2.39,1.83,3.0,3.92,1.16,4.2,3.75,0.63,3.9,6.29,9.69,2.0,27.47,49.85,3.0,3395.94,4245.43,819.0,1.0,17.0
"Deep Silver, InXile Entertainment",33.33,,33.33,0.03,,0.03,0.4,,0.4,3.0,,3.0,4.3,,4.3,3.9,,3.9,1.0,,1.0,3.0,,3.0,3190.0,,3190.0,1.0,1.0
"Deep Silver, Koch Media",42.86,,42.86,0.28,,0.28,0.5,,0.5,4.3,,4.3,4.3,,4.3,3.8,,3.8,6.0,,6.0,14.0,,14.0,2119.0,,2119.0,0.0,1.0
Defiant Development,0.0,,0.0,0.0,,0.0,-3.7,,-3.7,0.0,,0.0,0.0,,0.0,3.7,,3.7,0.0,,0.0,0.0,,0.0,3282.0,,3282.0,0.0,1.0
Devolver Digital,13.64,28.16,0.0,0.03,0.07,0.0,-1.51,2.31,-0.45,1.3,2.06,0.0,2.55,2.29,3.6,4.06,0.43,4.1,1.32,3.49,0.0,5.21,11.98,1.0,2006.0,1608.56,1606.5,3.0,34.0
Digerati,25.0,50.0,0.0,0.06,0.12,0.0,0.65,0.87,0.7,1.0,2.0,0.0,3.78,1.11,3.9,3.12,0.8,3.05,0.25,0.5,0.0,2.5,1.91,2.0,435.25,90.82,430.5,0.0,4.0
Digerati Distribution,0.0,,0.0,0.0,,0.0,-4.0,,-4.0,0.0,,0.0,0.0,,0.0,4.0,,4.0,0.0,,0.0,0.0,,0.0,389.0,,389.0,0.0,1.0
Disney,0.0,,0.0,0.0,,0.0,-1.8,,-1.8,0.0,,0.0,2.0,,2.0,3.8,,3.8,0.0,,0.0,1.0,,1.0,317.0,,317.0,0.0,1.0
Disney Interactive,33.33,,33.33,0.44,,0.44,0.4,,0.4,5.0,,5.0,4.8,,4.8,4.4,,4.4,3.0,,3.0,9.0,,9.0,677.0,,677.0,0.0,1.0
Disney Interactive Studios,30.41,21.47,33.33,0.17,0.14,0.17,0.26,1.03,0.5,3.82,1.95,4.8,4.53,0.97,4.7,4.27,0.29,4.2,2.69,1.78,3.0,8.08,4.85,9.5,1806.27,1405.2,1753.0,0.0,26.0
Distractionware Limited,0.0,,0.0,0.0,,0.0,1.0,,1.0,0.0,,0.0,5.0,,5.0,4.0,,4.0,0.0,,0.0,1.0,,1.0,1432.0,,1432.0,0.0,1.0
Doborog Games,43.24,,43.24,0.8,,0.8,0.3,,0.3,4.3,,4.3,4.4,,4.4,4.1,,4.1,32.0,,32.0,74.0,,74.0,4010.0,,4010.0,1.0,1.0
Dotemu,10.97,15.12,5.28,1.23,2.42,0.03,0.55,0.69,0.35,3.18,2.19,3.85,4.55,0.47,4.65,4.0,0.45,3.95,18.75,34.19,2.5,372.0,714.15,22.0,4921.5,4382.11,4717.5,2.0,4.0
Double Dagger Studio,35.9,,35.9,0.34,,0.34,0.1,,0.1,4.9,,4.9,4.7,,4.7,4.6,,4.6,28.0,,28.0,78.0,,78.0,8354.0,,8354.0,1.0,1.0
Double Damage Games Inc.,66.67,,66.67,0.13,,0.13,-0.3,,-0.3,3.5,,3.5,4.0,,4.0,4.3,,4.3,2.0,,2.0,3.0,,3.0,1552.0,,1552.0,0.0,1.0
Double Eleven Limited,6.25,6.68,6.25,0.0,0.01,0.0,0.5,0.21,0.5,2.5,2.67,2.5,4.5,0.32,4.5,4.0,0.11,4.0,1.0,1.07,1.0,10.5,5.88,10.5,14051.0,10061.85,14051.0,4.0,8.0
Double Fine Productions,33.52,14.73,40.0,0.37,0.25,0.28,0.37,0.46,0.1,4.67,0.15,4.7,4.6,0.2,4.6,4.23,0.64,4.5,7.67,8.96,3.0,21.33,18.23,18.0,1707.33,1012.2,1684.0,3.0,3.0
"Double Fine Productions, Inc.",20.0,11.18,25.0,0.02,0.01,0.02,0.02,2.19,1.0,4.0,2.24,5.0,3.36,1.88,4.2,3.34,0.31,3.2,0.8,0.45,1.0,3.2,1.79,4.0,3882.8,2001.73,4778.0,4.0,5.0
Dovetail Games,0.0,0.0,0.0,0.0,0.0,0.0,-2.57,1.69,-3.25,0.0,0.0,0.0,1.0,1.67,0.0,3.57,0.38,3.65,0.0,0.0,0.0,0.33,0.52,0.0,342.83,365.7,265.5,0.0,6.0
DreadXP,23.81,,23.81,0.64,,0.64,0.2,,0.2,4.3,,4.3,4.4,,4.4,4.2,,4.2,10.0,,10.0,42.0,,42.0,1574.0,,1574.0,1.0,1.0
DrinkBox Studios,0.0,0.0,0.0,0.0,0.0,0.0,1.1,0.0,1.1,0.0,0.0,0.0,5.0,0.0,5.0,3.9,0.0,3.9,0.0,0.0,0.0,4.0,0.0,4.0,11751.0,0.0,11751.0,0.0,4.0
Drinkbox Studios,0.0,0.0,0.0,0.0,0.0,0.0,-2.05,3.75,-2.05,0.0,0.0,0.0,2.5,3.54,2.5,4.55,0.21,4.55,0.0,0.0,0.0,1.0,1.41,1.0,612.5,811.05,612.5,0.0,2.0
Drool LLC,0.0,,0.0,0.0,,0.0,-4.4,,-4.4,0.0,,0.0,0.0,,0.0,4.4,,4.4,0.0,,0.0,0.0,,0.0,247.0,,247.0,0.0,1.0
"E-Home Entertainment Development Co., Ltd",0.0,,0.0,0.0,,0.0,1.6,,1.6,0.0,,0.0,5.0,,5.0,3.4,,3.4,0.0,,0.0,4.0,,4.0,2441.0,,2441.0,0.0,1.0
E-Line Media,0.0,,0.0,0.0,,0.0,0.8,,0.8,0.0,,0.0,4.7,,4.7,3.9,,3.9,0.0,,0.0,3.0,,3.0,3860.0,,3860.0,0.0,1.0
EA SPORTS,0.0,0.0,0.0,0.0,0.0,0.0,0.2,0.0,0.2,0.0,0.0,0.0,4.3,0.0,4.3,4.1,0.0,4.1,0.0,0.0,0.0,3.0,0.0,3.0,1030.0,0.0,1030.0,0.0,4.0
EXOR Studios,20.0,,20.0,0.06,,0.06,0.1,,0.1,2.0,,2.0,4.0,,4.0,3.9,,3.9,1.0,,1.0,5.0,,5.0,1665.0,,1665.0,0.0,1.0
Eastasiasoft Limited,0.0,,0.0,0.0,,0.0,-3.2,,-3.2,0.0,,0.0,0.0,,0.0,3.2,,3.2,0.0,,0.0,0.0,,0.0,34.0,,34.0,0.0,1.0
Eastshade Studios,0.0,,0.0,0.0,,0.0,-3.9,,-3.9,0.0,,0.0,0.0,,0.0,3.9,,3.9,0.0,,0.0,0.0,,0.0,1140.0,,1140.0,0.0,1.0
Eidos Interactive Corporation,22.58,,22.58,0.09,,0.09,0.3,,0.3,5.0,,5.0,4.9,,4.9,4.6,,4.6,7.0,,7.0,31.0,,31.0,8149.0,,8149.0,0.0,1.0
Electronic Arts,24.65,27.47,23.08,1.15,10.14,0.07,-0.84,1.78,0.0,2.59,2.11,3.5,2.94,1.92,3.8,3.78,0.71,4.0,7.34,22.89,2.0,28.29,99.84,7.0,5961.38,8978.04,2662.0,0.0,97.0
Electronic Arts ,100.0,,100.0,27.27,,27.27,0.0,,0.0,5.0,,5.0,5.0,,5.0,5.0,,5.0,3.0,,3.0,3.0,,3.0,11.0,,11.0,0.0,1.0
Electronic Arts Inc.,16.97,24.0,16.97,0.32,0.45,0.32,-1.9,3.25,-1.9,2.3,3.25,2.3,2.1,2.97,2.1,4.0,0.28,4.0,18.5,26.16,18.5,54.5,77.07,54.5,3330.0,3473.31,3330.0,0.0,2.0
En Masse Entertainment Inc.,100.0,,100.0,0.46,,0.46,1.6,,1.6,5.0,,5.0,5.0,,5.0,3.4,,3.4,1.0,,1.0,1.0,,1.0,216.0,,216.0,0.0,1.0
Enhance,75.56,21.43,66.67,0.18,0.19,0.08,0.9,0.7,1.2,4.27,0.87,4.5,4.57,0.51,4.7,3.67,0.32,3.8,2.0,1.0,2.0,3.0,2.0,3.0,1907.67,1598.16,1572.0,0.0,3.0
EpiXR Games,0.0,,0.0,0.0,,0.0,-5.0,,-5.0,0.0,,0.0,0.0,,0.0,5.0,,5.0,0.0,,0.0,0.0,,0.0,1.0,,1.0,0.0,1.0
Epic Games,42.59,,42.59,0.65,,0.65,-0.1,,-0.1,4.2,,4.2,4.2,,4.2,4.3,,4.3,23.0,,23.0,54.0,,54.0,3557.0,,3557.0,0.0,1.0
Epic Games Inc.,0.0,,0.0,0.0,,0.0,-4.2,,-4.2,0.0,,0.0,0.0,,0.0,4.2,,4.2,0.0,,0.0,0.0,,0.0,1139.0,,1139.0,0.0,1.0
Epopeia Games,25.64,,25.64,0.28,,0.28,0.2,,0.2,4.6,,4.6,4.8,,4.8,4.6,,4.6,10.0,,10.0,39.0,,39.0,3623.0,,3623.0,1.0,1.0
Excalibur Games,50.0,,50.0,0.16,,0.16,1.2,,1.2,5.0,,5.0,5.0,,5.0,3.8,,3.8,1.0,,1.0,2.0,,2.0,610.0,,610.0,0.0,1.0
FLARB LLC,33.33,,33.33,0.1,,0.1,1.2,,1.2,5.0,,5.0,5.0,,5.0,3.8,,3.8,1.0,,1.0,3.0,,3.0,1018.0,,1018.0,0.0,1.0
"FRAME BREAK, Amplifier Studios",22.22,,22.22,0.22,,0.22,0.2,,0.2,4.3,,4.3,4.3,,4.3,4.1,,4.1,6.0,,6.0,27.0,,27.0,2675.0,,2675.0,1.0,1.0
Falling Squirrel Inc.,0.0,,0.0,0.0,,0.0,1.7,,1.7,0.0,,0.0,5.0,,5.0,3.3,,3.3,0.0,,0.0,2.0,,2.0,1996.0,,1996.0,0.0,1.0
Fantastico Studio,0.0,,0.0,0.0,,0.0,-4.1,,-4.1,0.0,,0.0,0.0,,0.0,4.1,,4.1,0.0,,0.0,0.0,,0.0,11.0,,11.0,0.0,1.0
Fatshark,20.76,7.53,20.76,0.18,0.01,0.18,0.5,0.28,0.5,3.8,0.14,3.8,4.0,0.0,4.0,3.5,0.28,3.5,13.5,10.61,13.5,79.5,79.9,79.5,7277.5,5803.23,7277.5,2.0,2.0
Fatshark AB,0.0,,0.0,0.0,,0.0,1.7,,1.7,0.0,,0.0,5.0,,5.0,3.3,,3.3,0.0,,0.0,1.0,,1.0,3225.0,,3225.0,0.0,1.0
Fellow Traveller,23.43,29.41,20.54,0.64,1.47,0.1,-0.9,2.14,0.15,3.08,2.24,4.0,3.09,2.15,4.3,3.99,0.36,4.0,6.7,14.33,2.0,29.9,68.42,6.5,1266.4,1200.98,874.5,5.0,10.0
Finji,7.03,14.06,0.0,0.02,0.05,0.0,-3.2,2.14,-4.15,1.1,2.2,0.0,1.08,2.15,0.0,4.28,0.17,4.25,2.25,4.5,0.0,8.0,16.0,0.0,3085.5,3981.17,1546.0,1.0,4.0
Flashbulb,16.67,,16.67,0.04,,0.04,1.0,,1.0,5.0,,5.0,4.8,,4.8,3.8,,3.8,1.0,,1.0,6.0,,6.0,2366.0,,2366.0,0.0,1.0
Flashbulb Games,17.46,,17.46,0.15,,0.15,0.5,,0.5,4.5,,4.5,4.3,,4.3,3.8,,3.8,11.0,,11.0,63.0,,63.0,7292.0,,7292.0,1.0,1.0
Flippfly,0.0,,0.0,0.0,,0.0,-3.1,,-3.1,0.0,,0.0,0.0,,0.0,3.1,,3.1,0.0,,0.0,0.0,,0.0,892.0,,892.0,0.0,1.0
FoamPunch,5.0,,5.0,0.03,,0.03,0.2,,0.2,5.0,,5.0,3.7,,3.7,3.5,,3.5,1.0,,1.0,20.0,,20.0,2926.0,,2926.0,0.0,1.0
Focus Entertainment,29.08,21.66,28.0,0.22,0.34,0.08,-0.7,1.39,-0.2,3.3,1.7,3.5,3.02,1.58,3.4,3.72,0.52,3.7,4.6,6.63,2.0,17.44,25.61,6.0,2904.72,3493.72,2373.0,6.0,25.0
Focus Home Interactive,0.0,0.0,0.0,0.0,0.0,0.0,-0.55,2.05,-0.65,0.0,0.0,0.0,3.25,2.06,3.5,3.8,0.41,3.8,0.0,0.0,0.0,1.25,0.5,1.0,3881.0,2224.89,3690.0,0.0,4.0
Freedom Games,0.0,,0.0,0.0,,0.0,-3.8,,-3.8,0.0,,0.0,0.0,,0.0,3.8,,3.8,0.0,,0.0,0.0,,0.0,918.0,,918.0,0.0,1.0
Freejam,0.0,,0.0,0.0,,0.0,-4.1,,-4.1,0.0,,0.0,0.0,,0.0,4.1,,4.1,0.0,,0.0,0.0,,0.0,8.0,,8.0,0.0,1.0
Frictional Games,20.37,35.28,0.0,0.08,0.14,0.0,-0.63,2.78,0.5,1.57,2.71,0.0,3.23,2.8,4.7,3.87,0.31,3.8,3.67,6.35,0.0,6.33,10.12,1.0,2003.33,2176.25,1370.0,0.0,3.0
Frima Studio,0.0,,0.0,0.0,,0.0,-3.3,,-3.3,0.0,,0.0,0.0,,0.0,3.3,,3.3,0.0,,0.0,0.0,,0.0,4748.0,,4748.0,0.0,1.0
Frogwares,25.0,,25.0,0.73,,0.73,0.6,,0.6,5.0,,5.0,4.9,,4.9,4.3,,4.3,2.0,,2.0,8.0,,8.0,273.0,,273.0,0.0,1.0
Frontier Developments,23.26,7.79,22.22,0.07,0.04,0.04,0.2,0.82,0.3,2.97,1.43,2.5,4.14,0.91,4.4,3.94,0.27,4.1,3.57,3.26,2.0,16.43,18.53,9.0,5004.57,2213.53,4958.0,1.0,7.0
Frontier Foundry,20.0,,20.0,0.04,,0.04,0.6,,0.6,5.0,,5.0,5.0,,5.0,4.4,,4.4,1.0,,1.0,5.0,,5.0,2325.0,,2325.0,0.0,1.0
Frozen District,16.33,,16.33,0.12,,0.12,-0.6,,-0.6,4.1,,4.1,3.4,,3.4,4.0,,4.0,8.0,,8.0,49.0,,49.0,6658.0,,6658.0,1.0,1.0
Funcom,6.84,11.84,0.0,0.02,0.04,0.0,0.07,0.32,0.2,1.0,1.73,0.0,4.03,0.87,3.8,3.97,0.91,4.1,2.67,4.62,0.0,15.0,20.88,5.0,5126.0,5505.83,4382.0,0.0,3.0
Future Friends Games & Exbleative,0.0,,0.0,0.0,,0.0,0.8,,0.8,0.0,,0.0,5.0,,5.0,4.2,,4.2,0.0,,0.0,2.0,,2.0,5077.0,,5077.0,0.0,1.0
GIANTS Software GmbH,39.34,38.66,39.34,0.06,0.02,0.06,0.55,0.21,0.55,5.0,0.0,5.0,4.25,0.35,4.25,3.7,0.14,3.7,2.5,0.71,2.5,14.0,15.56,14.0,5278.5,3162.89,5278.5,0.0,2.0
GLITCH,0.0,,0.0,0.0,,0.0,1.3,,1.3,0.0,,0.0,5.0,,5.0,3.7,,3.7,0.0,,0.0,1.0,,1.0,840.0,,840.0,0.0,1.0
Game Troopers,0.0,,0.0,0.0,,0.0,-3.5,,-3.5,0.0,,0.0,0.0,,0.0,3.5,,3.5,0.0,,0.0,0.0,,0.0,37.0,,37.0,0.0,1.0
Gamera Game,0.0,,0.0,0.0,,0.0,-3.4,,-3.4,0.0,,0.0,1.0,,1.0,4.4,,4.4,0.0,,0.0,1.0,,1.0,809.0,,809.0,0.0,1.0
Gamera Games,0.0,,0.0,0.0,,0.0,-3.3,,-3.3,0.0,,0.0,0.0,,0.0,3.3,,3.3,0.0,,0.0,0.0,,0.0,256.0,,256.0,0.0,1.0
Gearbox Publishing,13.64,19.28,13.64,0.02,0.03,0.02,0.15,0.21,0.15,2.15,3.04,2.15,4.1,0.42,4.1,3.95,0.21,3.95,1.5,2.12,1.5,7.5,4.95,7.5,4953.5,4909.44,4953.5,1.0,2.0
Ghost Ship Publishing,19.57,,19.57,0.88,,0.88,-0.3,,-0.3,3.9,,3.9,3.8,,3.8,4.1,,4.1,18.0,,18.0,92.0,,92.0,2050.0,,2050.0,1.0,1.0
Glass Bottom Games,0.0,,0.0,0.0,,0.0,-2.8,,-2.8,0.0,,0.0,0.0,,0.0,2.8,,2.8,0.0,,0.0,0.0,,0.0,1507.0,,1507.0,0.0,1.0
Good Shepherd Entertainment,16.67,,16.67,0.05,,0.05,0.4,,0.4,5.0,,5.0,4.7,,4.7,4.3,,4.3,1.0,,1.0,6.0,,6.0,2028.0,,2028.0,1.0,1.0
Graffiti Games,0.0,0.0,0.0,0.0,0.0,0.0,-3.05,1.63,-3.55,0.0,0.0,0.0,0.75,1.5,0.0,3.8,0.64,4.0,0.0,0.0,0.0,0.25,0.5,0.0,1471.0,1114.41,1303.0,0.0,4.0
GraphicDNA,0.0,,0.0,0.0,,0.0,-3.3,,-3.3,0.0,,0.0,0.0,,0.0,3.3,,3.3,0.0,,0.0,0.0,,0.0,251.0,,251.0,0.0,1.0
Graybeard Games,0.0,,0.0,0.0,,0.0,-2.3,,-2.3,0.0,,0.0,0.0,,0.0,2.3,,2.3,0.0,,0.0,0.0,,0.0,880.0,,880.0,0.0,1.0
Grey Box,0.0,,0.0,0.0,,0.0,-4.5,,-4.5,0.0,,0.0,0.0,,0.0,4.5,,4.5,0.0,,0.0,0.0,,0.0,2253.0,,2253.0,0.0,1.0
Gun Interactive,20.0,,20.0,0.04,,0.04,0.0,,0.0,4.6,,4.6,3.6,,3.6,3.6,,3.6,5.0,,5.0,25.0,,25.0,13023.0,,13023.0,0.0,1.0
HAMSTER Corporation,5.0,11.18,0.0,0.04,0.09,0.0,0.3,0.22,0.2,0.2,0.45,0.0,4.76,0.54,5.0,4.46,0.76,4.8,0.2,0.45,0.0,1.6,1.34,1.0,150.4,199.9,61.0,0.0,5.0
Headup,50.0,,50.0,0.12,,0.12,1.0,,1.0,5.0,,5.0,4.5,,4.5,3.5,,3.5,1.0,,1.0,2.0,,2.0,811.0,,811.0,0.0,1.0
Headup Games,0.0,,0.0,0.0,,0.0,1.5,,1.5,0.0,,0.0,5.0,,5.0,3.5,,3.5,0.0,,0.0,2.0,,2.0,683.0,,683.0,0.0,1.0
Headup GmbH,37.5,53.03,37.5,0.18,0.26,0.18,-0.5,0.85,-0.5,2.35,3.32,2.35,2.9,1.27,2.9,3.4,0.42,3.4,1.5,2.12,1.5,2.5,2.12,2.5,593.0,321.03,593.0,0.0,2.0
Hi-Rez Studios,28.57,,28.57,0.01,,0.01,-1.1,,-1.1,1.5,,1.5,2.7,,2.7,3.8,,3.8,2.0,,2.0,7.0,,7.0,24714.0,,24714.0,0.0,1.0
Hinterland Studio Inc.,19.35,,19.35,0.03,,0.03,-0.2,,-0.2,3.3,,3.3,4.2,,4.2,4.4,,4.4,6.0,,6.0,31.0,,31.0,17916.0,,17916.0,0.0,1.0
Hooded Horse,21.24,26.22,13.72,0.49,0.64,0.32,-0.53,1.65,0.0,2.33,1.94,2.75,3.2,1.63,3.9,3.73,0.25,3.75,1.83,2.23,1.5,12.5,11.98,9.0,981.17,1813.21,265.0,5.0,6.0
Humble Games,9.35,25.39,0.0,0.02,0.05,0.0,-2.15,2.08,-3.4,0.84,1.81,0.0,1.66,2.23,0.0,3.81,0.53,3.6,0.58,1.57,0.0,3.13,7.82,0.0,1440.61,1325.25,1025.0,1.0,31.0
HypeTrain Digital,6.86,9.69,6.86,0.98,1.39,0.98,0.35,0.64,0.35,1.75,2.47,1.75,4.2,1.13,4.2,3.85,0.49,3.85,8.5,12.02,8.5,63.0,86.27,63.0,567.5,415.07,567.5,1.0,2.0
HypeTrain Digitalâ€¬,0.0,,0.0,0.0,,0.0,1.5,,1.5,0.0,,0.0,5.0,,5.0,3.5,,3.5,0.0,,0.0,1.0,,1.0,1793.0,,1793.0,0.0,1.0
INTI CREATES,0.0,,0.0,0.0,,0.0,1.0,,1.0,0.0,,0.0,5.0,,5.0,4.0,,4.0,0.0,,0.0,1.0,,1.0,1310.0,,1310.0,0.0,1.0
IO Interactive A/S,33.34,47.14,33.34,0.16,0.23,0.16,-1.65,3.61,-1.65,2.5,3.54,2.5,2.5,3.54,2.5,4.15,0.07,4.15,1.0,1.41,1.0,1.5,2.12,1.5,315.5,429.21,315.5,0.0,2.0
Image & Form Games,0.0,,0.0,0.0,,0.0,1.3,,1.3,0.0,,0.0,5.0,,5.0,3.7,,3.7,0.0,,0.0,1.0,,1.0,1480.0,,1480.0,0.0,1.0
Image & Form International AB,25.0,,25.0,0.08,,0.08,0.4,,0.4,5.0,,5.0,4.5,,4.5,4.1,,4.1,1.0,,1.0,4.0,,4.0,1316.0,,1316.0,0.0,1.0
Infinite Dreams,41.66,11.79,41.66,0.12,0.01,0.12,0.15,0.35,0.15,4.5,0.71,4.5,4.75,0.35,4.75,4.6,0.0,4.6,1.0,0.0,1.0,2.5,0.71,2.5,871.0,66.47,871.0,0.0,2.0
Infogrames,22.22,,22.22,0.08,,0.08,0.8,,0.8,4.0,,4.0,3.9,,3.9,3.1,,3.1,4.0,,4.0,18.0,,18.0,4822.0,,4822.0,1.0,1.0
Innersloth,22.99,,22.99,0.11,,0.11,-0.3,,-0.3,3.3,,3.3,3.5,,3.5,3.8,,3.8,40.0,,40.0,174.0,,174.0,37542.0,,37542.0,1.0,1.0
Jackbox Games,0.0,,0.0,0.0,,0.0,1.7,,1.7,0.0,,0.0,5.0,,5.0,3.3,,3.3,0.0,,0.0,1.0,,1.0,658.0,,658.0,0.0,1.0
"Jackbox Games, Inc",0.0,,0.0,0.0,,0.0,-3.0,,-3.0,0.0,,0.0,0.0,,0.0,3.0,,3.0,0.0,,0.0,0.0,,0.0,247.0,,247.0,0.0,1.0
"Jackbox Games, Inc.",0.0,,0.0,0.0,,0.0,1.7,,1.7,0.0,,0.0,5.0,,5.0,3.3,,3.3,0.0,,0.0,1.0,,1.0,428.0,,428.0,0.0,1.0
Jumpship,0.0,,0.0,0.0,,0.0,-3.4,,-3.4,0.0,,0.0,0.0,,0.0,3.4,,3.4,0.0,,0.0,0.0,,0.0,3891.0,,3891.0,0.0,1.0
KEMCO,0.0,,0.0,0.0,,0.0,-0.3,,-0.3,0.0,,0.0,4.0,,4.0,4.3,,4.3,0.0,,0.0,1.0,,1.0,10420.0,,10420.0,1.0,1.0
KOEI TECMO AMERICA,26.92,25.22,30.77,0.03,0.04,0.02,0.07,0.83,-0.2,0.83,0.76,1.0,3.4,1.44,3.0,3.33,0.61,3.2,1.67,2.08,1.0,5.33,6.66,2.0,8013.0,12305.32,1236.0,0.0,3.0
KOEI TECMO AMERICA Corporation,0.0,,0.0,0.0,,0.0,-3.8,,-3.8,0.0,,0.0,0.0,,0.0,3.8,,3.8,0.0,,0.0,0.0,,0.0,3368.0,,3368.0,0.0,1.0
"KRAFTON, Inc.",15.77,13.72,22.31,0.04,0.05,0.04,-1.4,2.17,-0.2,2.7,2.49,3.2,2.47,2.25,3.0,3.87,0.75,3.9,22.33,31.21,9.0,98.67,140.87,36.0,28835.67,30199.21,23008.0,1.0,3.0
Kairosoft,100.0,,100.0,3.85,,3.85,0.2,,0.2,5.0,,5.0,5.0,,5.0,4.8,,4.8,1.0,,1.0,1.0,,1.0,26.0,,26.0,0.0,1.0
Kalypso Media,20.83,39.65,0.0,0.05,0.1,0.0,-1.81,2.29,-2.9,1.25,2.26,0.0,2.02,2.51,0.0,3.83,0.67,3.9,0.25,0.45,0.0,0.67,0.98,0.0,1246.42,2031.86,461.0,1.0,12.0
Kalypso Media ,0.0,,0.0,0.0,,0.0,-2.0,,-2.0,0.0,,0.0,0.0,,0.0,2.0,,2.0,0.0,,0.0,0.0,,0.0,1842.0,,1842.0,0.0,1.0
Kalypso Media Group,20.0,28.28,20.0,0.09,0.13,0.09,-1.85,3.61,-1.85,1.75,2.47,1.75,2.1,2.97,2.1,3.95,0.64,3.95,1.0,1.41,1.0,2.5,3.54,2.5,1758.0,893.78,1758.0,0.0,2.0
Kalypso Media Group GmbH,0.0,,0.0,0.0,,0.0,-3.0,,-3.0,0.0,,0.0,0.0,,0.0,3.0,,3.0,0.0,,0.0,0.0,,0.0,968.0,,968.0,0.0,1.0
Keen Software House,4.84,6.84,4.84,0.04,0.06,0.04,-1.85,3.61,-1.85,2.15,3.04,2.15,2.1,2.97,2.1,3.95,0.64,3.95,1.5,2.12,1.5,15.5,21.92,15.5,1981.0,2733.67,1981.0,0.0,2.0
Kepler Interactive,19.24,1.08,19.24,1.06,1.44,1.06,-0.2,0.28,-0.2,3.4,0.14,3.4,3.05,0.92,3.05,3.25,0.64,3.25,16.5,17.68,16.5,88.5,96.87,88.5,4348.0,4176.17,4348.0,2.0,2.0
Kitfox Games,0.0,0.0,0.0,0.0,0.0,0.0,-0.95,2.9,-0.95,0.0,0.0,0.0,2.5,3.54,2.5,3.45,0.64,3.45,0.0,0.0,0.0,0.5,0.71,0.5,1928.5,1240.97,1928.5,0.0,2.0
Klabater S.A.,0.0,,0.0,0.0,,0.0,-3.0,,-3.0,0.0,,0.0,0.0,,0.0,3.0,,3.0,0.0,,0.0,0.0,,0.0,57.0,,57.0,0.0,1.0
Klei Entertainment,80.0,,80.0,0.09,,0.09,-0.5,,-0.5,3.5,,3.5,3.8,,3.8,4.3,,4.3,4.0,,4.0,5.0,,5.0,4368.0,,4368.0,0.0,1.0
Koch Media,19.35,0.0,19.35,0.17,0.0,0.17,0.2,0.0,0.2,5.0,0.0,5.0,4.8,0.0,4.8,4.6,0.0,4.6,6.0,0.0,6.0,31.0,0.0,31.0,3625.0,0.0,3625.0,0.0,4.0
Konami,32.54,17.87,33.33,0.21,0.1,0.16,0.37,0.25,0.4,5.0,0.0,5.0,4.87,0.15,4.9,4.5,0.26,4.4,4.33,4.93,2.0,11.0,7.81,7.0,1665.33,1176.33,1280.0,0.0,3.0
Konami Digital Entertainment,16.92,29.04,0.0,0.11,0.24,0.0,0.54,1.14,0.4,1.54,2.33,0.0,4.13,1.09,4.0,3.59,0.55,3.6,1.32,3.7,0.0,4.47,9.23,2.0,7253.0,6038.51,5056.0,0.0,19.0
"Konami Digital Entertainment, Inc.",71.43,,71.43,1.22,,1.22,0.3,,0.3,4.6,,4.6,4.4,,4.4,4.1,,4.1,5.0,,5.0,7.0,,7.0,411.0,,411.0,0.0,1.0
Landfall,19.67,,19.67,0.08,,0.08,0.1,,0.1,4.4,,4.4,4.5,,4.5,4.4,,4.4,24.0,,24.0,122.0,,122.0,28957.0,,28957.0,1.0,1.0
League of Geeks,0.0,,0.0,0.0,,0.0,1.4,,1.4,0.0,,0.0,5.0,,5.0,3.6,,3.6,0.0,,0.0,1.0,,1.0,763.0,,763.0,0.0,1.0
Lienzo,0.0,,0.0,0.0,,0.0,0.6,,0.6,0.0,,0.0,4.0,,4.0,3.4,,3.4,0.0,,0.0,2.0,,2.0,548.0,,548.0,0.0,1.0
Lince Works,66.67,0.0,66.67,0.06,0.05,0.03,0.07,0.06,0.1,3.33,0.58,3.0,3.9,0.35,3.7,3.83,0.4,3.6,2.0,0.0,2.0,3.0,0.0,3.0,4426.0,2414.48,5820.0,0.0,3.0
LucasArts,45.74,28.72,50.0,0.42,0.49,0.4,-0.44,1.44,0.0,3.57,1.97,4.75,4.06,1.55,4.8,4.5,0.36,4.7,5.4,4.72,6.0,10.8,9.58,12.0,1707.5,1744.18,1744.5,0.0,10.0
LucasFilm,0.0,,0.0,0.0,,0.0,-3.1,,-3.1,0.0,,0.0,1.3,,1.3,4.4,,4.4,0.0,,0.0,3.0,,3.0,569.0,,569.0,0.0,1.0
Lucasarts,36.36,,36.36,0.26,,0.26,-0.2,,-0.2,4.5,,4.5,4.5,,4.5,4.7,,4.7,12.0,,12.0,33.0,,33.0,4602.0,,4602.0,0.0,1.0
M2H,0.0,,0.0,0.0,,0.0,2.3,,2.3,0.0,,0.0,5.0,,5.0,2.7,,2.7,0.0,,0.0,1.0,,1.0,982.0,,982.0,0.0,1.0
MLB,0.0,0.0,0.0,0.0,0.0,0.0,-1.7,2.4,-1.7,0.0,0.0,0.0,1.5,2.12,1.5,3.2,0.28,3.2,0.0,0.0,0.0,0.5,0.71,0.5,1590.0,2076.07,1590.0,0.0,2.0
MWM Interactive,0.0,,0.0,0.0,,0.0,-3.7,,-3.7,0.0,,0.0,0.0,,0.0,3.7,,3.7,0.0,,0.0,0.0,,0.0,719.0,,719.0,0.0,1.0
"Mad Dog Games, LLC",0.0,,0.0,0.0,,0.0,-3.4,,-3.4,0.0,,0.0,0.0,,0.0,3.4,,3.4,0.0,,0.0,0.0,,0.0,986.0,,986.0,0.0,1.0
Mad Fellows,0.0,,0.0,0.0,,0.0,1.2,,1.2,0.0,,0.0,5.0,,5.0,3.8,,3.8,0.0,,0.0,2.0,,2.0,986.0,,986.0,0.0,1.0
Magic Cube,0.0,,0.0,0.0,,0.0,-3.2,,-3.2,0.0,,0.0,0.0,,0.0,3.2,,3.2,0.0,,0.0,0.0,,0.0,1044.0,,1044.0,0.0,1.0
Magic Design Studios,0.0,,0.0,0.0,,0.0,1.0,,1.0,0.0,,0.0,5.0,,5.0,4.0,,4.0,0.0,,0.0,1.0,,1.0,565.0,,565.0,0.0,1.0
Mainframe Industries,18.18,,18.18,1.67,,1.67,0.4,,0.4,3.6,,3.6,2.4,,2.4,2.0,,2.0,8.0,,8.0,44.0,,44.0,479.0,,479.0,1.0,1.0
Marvelous Inc.,41.67,52.04,25.0,0.19,0.21,0.15,-0.53,2.83,1.1,3.33,2.89,5.0,3.33,2.89,5.0,3.87,0.06,3.9,0.67,0.58,1.0,1.67,2.08,1.0,443.33,222.89,402.0,0.0,3.0
Matt Makes Games Inc.,31.11,0.0,31.11,0.19,0.0,0.19,-0.1,0.0,-0.1,4.1,0.0,4.1,4.3,0.0,4.3,4.4,0.0,4.4,14.0,0.0,14.0,45.0,0.0,45.0,7285.0,0.0,7285.0,4.0,4.0
Maximum Entertainment,0.0,0.0,0.0,0.0,0.0,0.0,-1.2,2.01,-1.8,0.0,0.0,0.0,2.0,2.45,1.5,3.2,1.08,3.1,0.0,0.0,0.0,0.5,0.58,0.5,864.5,402.44,820.0,0.0,4.0
Megagon Industries,100.0,,100.0,0.03,,0.03,1.4,,1.4,5.0,,5.0,5.0,,5.0,3.6,,3.6,1.0,,1.0,1.0,,1.0,3413.0,,3413.0,0.0,1.0
Merge Games,31.58,,31.58,0.07,,0.07,-0.2,,-0.2,4.0,,4.0,4.4,,4.4,4.6,,4.6,6.0,,6.0,19.0,,19.0,8775.0,,8775.0,0.0,1.0
Metalhead Software Inc.,100.0,0.0,100.0,0.03,0.0,0.03,1.7,0.0,1.7,5.0,0.0,5.0,5.0,0.0,5.0,3.3,0.0,3.3,1.0,0.0,1.0,1.0,0.0,1.0,3022.0,0.0,3022.0,0.0,4.0
Microsoft,23.72,14.51,20.0,0.13,0.1,0.16,0.0,0.43,0.1,3.93,1.84,4.9,4.51,0.48,4.6,4.51,0.32,4.4,4.31,5.45,2.0,15.08,17.39,10.0,5602.77,10401.29,1271.0,7.0,13.0
Microsoft Corporation,0.0,0.0,0.0,0.0,0.0,0.0,-2.05,3.75,-2.05,0.0,0.0,0.0,2.5,3.54,2.5,4.55,0.21,4.55,0.0,0.0,0.0,0.5,0.71,0.5,148.0,148.49,148.0,0.0,2.0
Microsoft Game Studios,18.62,20.19,17.02,0.11,0.12,0.1,0.2,0.52,-0.15,2.28,2.41,2.0,4.46,0.51,4.25,4.26,0.19,4.3,6.6,8.11,1.0,20.8,22.79,8.0,3394.4,3143.43,1372.0,9.0,10.0
Microsoft Studios,21.92,23.63,22.22,0.09,0.17,0.01,-0.38,1.78,0.3,2.76,2.28,4.0,3.76,1.84,4.6,4.14,0.4,4.3,4.42,8.84,1.0,16.71,37.75,4.0,30010.98,200418.8,1112.0,30.0,103.0
Midnight City,25.0,0.0,25.0,0.02,0.0,0.02,1.1,0.0,1.1,5.0,0.0,5.0,4.8,0.0,4.8,3.7,0.0,3.7,1.0,0.0,1.0,4.0,0.0,4.0,4192.0,0.0,4192.0,4.0,4.0
Milestone S.r.l.,14.81,25.66,0.0,0.12,0.21,0.0,0.03,1.48,0.4,1.33,2.31,0.0,3.2,1.48,3.9,3.17,0.31,3.1,1.33,2.31,0.0,5.33,3.51,5.0,730.67,420.65,810.0,0.0,3.0
Milkstone Studios,0.0,,0.0,0.0,,0.0,-3.2,,-3.2,0.0,,0.0,0.0,,0.0,3.2,,3.2,0.0,,0.0,0.0,,0.0,349.0,,349.0,0.0,1.0
Mischief,75.0,,75.0,0.25,,0.25,-0.4,,-0.4,3.3,,3.3,2.8,,2.8,3.2,,3.2,3.0,,3.0,4.0,,4.0,1195.0,,1195.0,0.0,1.0
Modus Games,0.0,0.0,0.0,0.0,0.0,0.0,-4.3,0.0,-4.3,0.0,0.0,0.0,0.0,0.0,0.0,4.3,0.0,4.3,0.0,0.0,0.0,0.0,0.0,0.0,78.5,26.16,78.5,0.0,2.0
Monomi Park,30.36,0.0,30.36,0.09,0.0,0.09,0.2,0.0,0.2,4.8,0.0,4.8,4.8,0.0,4.8,4.6,0.0,4.6,17.0,0.0,17.0,56.0,0.0,56.0,19781.0,0.0,19781.0,0.0,4.0
Monster Couch,0.0,,0.0,0.0,,0.0,-3.4,,-3.4,0.0,,0.0,0.0,,0.0,3.4,,3.4,0.0,,0.0,0.0,,0.0,45.0,,45.0,0.0,1.0
Mossmouth,0.0,,0.0,0.0,,0.0,0.3,,0.3,0.0,,0.0,4.0,,4.0,3.7,,3.7,0.0,,0.0,1.0,,1.0,1763.0,,1763.0,0.0,1.0
Motion Twin,12.5,,12.5,0.06,,0.06,-0.1,,-0.1,3.7,,3.7,4.5,,4.5,4.6,,4.6,3.0,,3.0,24.0,,24.0,4845.0,,4845.0,1.0,1.0
Mythwright,0.0,,0.0,0.0,,0.0,1.2,,1.2,0.0,,0.0,4.7,,4.7,3.5,,3.5,0.0,,0.0,3.0,,3.0,861.0,,861.0,1.0,1.0
NAISU,23.86,,23.86,1.64,,1.64,0.5,,0.5,3.5,,3.5,3.5,,3.5,3.0,,3.0,73.0,,73.0,306.0,,306.0,4446.0,,4446.0,1.0,1.0
NAMCO BANDAI Games America,0.0,,0.0,0.0,,0.0,0.5,,0.5,0.0,,0.0,5.0,,5.0,4.5,,4.5,0.0,,0.0,1.0,,1.0,671.0,,671.0,0.0,1.0
NAMCO BANDAI Games America Inc.,60.0,,60.0,0.46,,0.46,-0.7,,-0.7,2.0,,2.0,3.2,,3.2,3.9,,3.9,3.0,,3.0,5.0,,5.0,647.0,,647.0,0.0,1.0
NEOWIZ,0.0,0.0,0.0,0.0,0.0,0.0,-1.4,2.97,-1.4,0.0,0.0,0.0,2.1,2.97,2.1,3.5,0.0,3.5,0.0,0.0,0.0,2.0,2.83,2.0,1433.5,1365.42,1433.5,0.0,2.0
"NIS America, Inc.",0.0,,0.0,0.0,,0.0,-3.8,,-3.8,0.0,,0.0,0.0,,0.0,3.8,,3.8,0.0,,0.0,0.0,,0.0,173.0,,173.0,0.0,1.0
Nacon,3.42,5.92,0.0,1.53,2.66,0.0,-2.1,1.91,-3.2,1.17,2.02,0.0,0.93,1.62,0.0,3.03,0.29,3.2,1.33,2.31,0.0,13.0,22.52,0.0,983.0,840.12,1109.0,0.0,3.0
NeocoreGames,16.67,40.82,0.0,0.26,0.65,0.0,1.33,0.27,1.4,0.83,2.04,0.0,5.0,0.0,5.0,3.67,0.27,3.6,0.17,0.41,0.0,1.83,0.41,2.0,1026.17,500.33,1302.0,0.0,6.0
Neon Doctrine,25.0,35.36,25.0,0.08,0.11,0.08,-1.45,3.32,-1.45,2.5,3.54,2.5,2.5,3.54,2.5,3.95,0.21,3.95,0.5,0.71,0.5,1.0,1.41,1.0,1130.5,638.52,1130.5,0.0,2.0
Neowiz,0.0,0.0,0.0,0.0,0.0,0.0,-1.45,3.32,-1.45,0.0,0.0,0.0,2.1,2.97,2.1,3.55,0.35,3.55,0.0,0.0,0.0,2.0,2.83,2.0,1034.0,1067.73,1034.0,0.0,2.0
NextNinja,0.0,,0.0,0.0,,0.0,-3.1,,-3.1,0.0,,0.0,0.0,,0.0,3.1,,3.1,0.0,,0.0,0.0,,0.0,264.0,,264.0,0.0,1.0
Night School Studio,0.0,0.0,0.0,0.0,0.0,0.0,0.8,0.0,0.8,0.0,0.0,0.0,5.0,0.0,5.0,4.2,0.0,4.2,0.0,0.0,0.0,2.0,0.0,2.0,5406.0,0.0,5406.0,0.0,4.0
Ninja Theory Ltd,32.76,,32.76,0.08,,0.08,-0.2,,-0.2,4.5,,4.5,4.3,,4.3,4.5,,4.5,19.0,,19.0,58.0,,58.0,23978.0,,23978.0,1.0,1.0
No Goblin,0.0,,0.0,0.0,,0.0,2.6,,2.6,0.0,,0.0,5.0,,5.0,2.4,,2.4,0.0,,0.0,1.0,,1.0,2091.0,,2091.0,0.0,1.0
No More Robots,14.13,15.74,12.5,0.35,0.73,0.02,-0.63,1.47,-0.05,2.32,2.55,2.15,3.03,1.71,3.5,3.67,0.4,3.7,7.0,11.24,0.5,27.33,42.59,2.5,3121.67,4535.35,1302.0,2.0,6.0
Noodlecake,11.56,,11.56,2.73,,2.73,0.2,,0.2,4.4,,4.4,4.4,,4.4,4.2,,4.2,40.0,,40.0,346.0,,346.0,1464.0,,1464.0,1.0,1.0
Nordic Games,50.0,,50.0,0.35,,0.35,-1.1,,-1.1,3.0,,3.0,2.5,,2.5,3.6,,3.6,1.0,,1.0,2.0,,2.0,289.0,,289.0,0.0,1.0
Nordic Games GmbH,0.0,,0.0,0.0,,0.0,-0.1,,-0.1,0.0,,0.0,3.0,,3.0,3.1,,3.1,0.0,,0.0,1.0,,1.0,599.0,,599.0,0.0,1.0
Numskull Games,0.0,,0.0,0.0,,0.0,-2.8,,-2.8,0.0,,0.0,0.0,,0.0,2.8,,2.8,0.0,,0.0,0.0,,0.0,4.0,,4.0,0.0,1.0
Nyamyam,0.0,,0.0,0.0,,0.0,-3.5,,-3.5,0.0,,0.0,0.0,,0.0,3.5,,3.5,0.0,,0.0,0.0,,0.0,427.0,,427.0,0.0,1.0
ORiGO GAMES,0.0,0.0,0.0,0.0,0.0,0.0,-3.4,0.0,-3.4,0.0,0.0,0.0,0.0,0.0,0.0,3.4,0.0,3.4,0.0,0.0,0.0,0.0,0.0,0.0,4070.0,0.0,4070.0,0.0,4.0
Oddworld Inhabitants Inc.,50.0,,50.0,0.06,,0.06,-1.3,,-1.3,3.5,,3.5,3.2,,3.2,4.5,,4.5,2.0,,2.0,4.0,,4.0,3473.0,,3473.0,0.0,1.0
Other Ocean Group,50.0,,50.0,0.06,,0.06,1.5,,1.5,5.0,,5.0,5.0,,5.0,3.5,,3.5,1.0,,1.0,2.0,,2.0,1804.0,,1804.0,0.0,1.0
Out of the Park Developments,0.0,,0.0,0.0,,0.0,-3.5,,-3.5,0.0,,0.0,0.0,,0.0,3.5,,3.5,0.0,,0.0,0.0,,0.0,103.0,,103.0,0.0,1.0
Outright Games,0.0,,0.0,0.0,,0.0,1.2,,1.2,0.0,,0.0,5.0,,5.0,3.8,,3.8,0.0,,0.0,5.0,,5.0,1502.0,,1502.0,0.0,1.0
Outright Games ,0.0,,0.0,0.0,,0.0,-2.5,,-2.5,0.0,,0.0,0.0,,0.0,2.5,,2.5,0.0,,0.0,0.0,,0.0,1984.0,,1984.0,0.0,1.0
Outright Games Ltd,0.0,0.0,0.0,0.0,0.0,0.0,-2.8,0.28,-2.8,0.0,0.0,0.0,0.0,0.0,0.0,2.8,0.28,2.8,0.0,0.0,0.0,0.0,0.0,0.0,1074.0,1128.54,1074.0,0.0,2.0
Outright Games Ltd.,10.57,17.89,0.0,2.4,7.09,0.0,-0.97,1.61,-0.6,1.17,1.91,0.0,2.47,2.11,3.0,3.45,0.79,3.6,11.55,33.54,0.0,48.73,137.22,2.0,1365.91,1878.58,853.0,3.0,11.0
PLAYISM,36.11,42.71,25.0,0.04,0.04,0.03,0.85,0.86,0.7,2.17,2.48,1.5,4.7,0.53,5.0,3.85,0.71,4.15,0.67,0.82,0.5,1.67,0.82,1.5,1472.67,966.22,1050.5,0.0,6.0
"PM Studios, Inc.",0.0,0.0,0.0,0.0,0.0,0.0,-3.1,1.0,-3.1,0.0,0.0,0.0,0.0,0.0,0.0,3.1,1.0,3.1,0.0,0.0,0.0,0.0,0.0,0.0,759.0,122.46,712.0,0.0,3.0
"PM-Studios, Inc.",50.0,70.71,50.0,0.9,1.27,0.9,-0.1,1.13,-0.1,2.5,3.54,2.5,4.15,1.2,4.15,4.25,0.07,4.25,0.5,0.71,0.5,2.0,1.41,2.0,800.0,1052.17,800.0,0.0,2.0
PQube Limited,0.0,,0.0,0.0,,0.0,-3.6,,-3.6,0.0,,0.0,0.0,,0.0,3.6,,3.6,0.0,,0.0,0.0,,0.0,943.0,,943.0,0.0,1.0
PSYONIX LLC,25.72,,25.72,0.12,,0.12,-0.9,,-0.9,2.8,,2.8,3.2,,3.2,4.1,,4.1,178.0,,178.0,692.0,,692.0,148048.0,,148048.0,1.0,1.0
Panic,13.41,9.32,13.41,0.11,0.07,0.11,0.05,0.35,0.05,4.35,0.92,4.35,4.45,0.07,4.45,4.4,0.28,4.4,2.5,0.71,2.5,27.0,24.04,27.0,2531.0,888.13,2531.0,1.0,2.0
Paper Cult,0.0,,0.0,0.0,,0.0,-3.7,,-3.7,0.0,,0.0,0.0,,0.0,3.7,,3.7,0.0,,0.0,0.0,,0.0,1142.0,,1142.0,0.0,1.0
Paradox Interactive,20.89,28.16,13.64,0.53,1.58,0.06,-1.48,2.12,-0.3,2.15,2.14,2.9,1.97,1.97,2.8,3.45,0.49,3.4,3.69,6.5,1.0,12.77,21.83,1.0,1973.15,2983.08,732.0,6.0,13.0
Pillow Castle,25.0,,25.0,0.16,,0.16,0.2,,0.2,5.0,,5.0,4.9,,4.9,4.7,,4.7,19.0,,19.0,76.0,,76.0,11896.0,,11896.0,1.0,1.0
Piranha Games Inc.,11.11,0.0,11.11,0.04,0.0,0.04,1.1,0.0,1.1,3.0,0.0,3.0,4.4,0.0,4.4,3.3,0.0,3.3,2.0,0.0,2.0,18.0,0.0,18.0,4914.0,0.0,4914.0,2.0,2.0
Pix Arts,0.0,0.0,0.0,0.0,0.0,0.0,-1.0,0.0,-1.0,0.0,0.0,0.0,0.0,0.0,0.0,1.0,0.0,1.0,0.0,0.0,0.0,0.0,0.0,0.0,2.0,0.0,2.0,0.0,3.0
Pixel Lantern,0.0,,0.0,0.0,,0.0,-4.0,,-4.0,0.0,,0.0,0.0,,0.0,4.0,,4.0,0.0,,0.0,0.0,,0.0,10.0,,10.0,0.0,1.0
Pixellore,0.0,,0.0,0.0,,0.0,-4.1,,-4.1,0.0,,0.0,0.0,,0.0,4.1,,4.1,0.0,,0.0,0.0,,0.0,153.0,,153.0,0.0,1.0
PlayWay S.A.,27.66,,27.66,0.48,,0.48,-0.2,,-0.2,4.6,,4.6,4.4,,4.4,4.6,,4.6,26.0,,26.0,94.0,,94.0,5408.0,,5408.0,1.0,1.0
PlayWay S.A. ,17.78,9.94,22.22,0.14,0.08,0.17,-0.12,1.16,0.4,1.6,0.89,2.0,3.04,1.7,3.8,3.16,0.54,3.4,1.6,0.89,2.0,7.2,4.02,9.0,1677.6,1146.21,1165.0,0.0,5.0
PlayWay SA,34.21,,34.21,0.24,,0.24,0.0,,0.0,3.8,,3.8,4.1,,4.1,4.1,,4.1,13.0,,13.0,38.0,,38.0,5417.0,,5417.0,1.0,1.0
Playdead,33.33,,33.33,0.09,,0.09,-0.6,,-0.6,5.0,,5.0,3.7,,3.7,4.3,,4.3,1.0,,1.0,3.0,,3.0,1176.0,,1176.0,1.0,1.0
Playdius,0.0,,0.0,0.0,,0.0,-2.8,,-2.8,0.0,,0.0,0.0,,0.0,2.8,,2.8,0.0,,0.0,0.0,,0.0,502.0,,502.0,0.0,1.0
Playful Studios,29.41,,29.41,0.15,,0.15,0.3,,0.3,4.2,,4.2,4.6,,4.6,4.3,,4.3,5.0,,5.0,17.0,,17.0,3340.0,,3340.0,1.0,1.0
Playniac,0.0,,0.0,0.0,,0.0,-2.4,,-2.4,0.0,,0.0,0.0,,0.0,2.4,,2.4,0.0,,0.0,0.0,,0.0,464.0,,464.0,0.0,1.0
Playstack,7.84,,7.84,0.06,,0.06,0.0,,0.0,3.2,,3.2,3.5,,3.5,3.5,,3.5,4.0,,4.0,51.0,,51.0,6451.0,,6451.0,0.0,1.0
Plot Twist,0.0,,0.0,0.0,,0.0,-3.0,,-3.0,0.0,,0.0,0.0,,0.0,3.0,,3.0,0.0,,0.0,0.0,,0.0,2549.0,,2549.0,0.0,1.0
Plug In Digital,17.86,37.4,0.0,0.05,0.08,0.0,-0.91,1.75,-2.2,1.14,2.04,0.0,2.43,1.9,1.0,3.34,0.19,3.2,0.29,0.49,0.0,1.43,1.13,1.0,732.0,248.14,915.0,0.0,7.0
Pocketpair,33.33,,33.33,0.04,,0.04,0.7,,0.7,4.3,,4.3,4.1,,4.1,3.4,,3.4,3.0,,3.0,9.0,,9.0,6902.0,,6902.0,0.0,1.0
"Polytron Corporation, Inc",0.0,,0.0,0.0,,0.0,0.6,,0.6,0.0,,0.0,5.0,,5.0,4.4,,4.4,0.0,,0.0,1.0,,1.0,113.0,,113.0,0.0,1.0
Poncle,16.0,,16.0,0.09,,0.09,-0.1,,-0.1,4.1,,4.1,4.6,,4.6,4.7,,4.7,12.0,,12.0,75.0,,75.0,13201.0,,13201.0,1.0,1.0
PopCap,0.0,,0.0,0.0,,0.0,-4.2,,-4.2,0.0,,0.0,0.0,,0.0,4.2,,4.2,0.0,,0.0,0.0,,0.0,358.0,,358.0,0.0,1.0
PopCap Games,60.34,56.08,60.34,0.17,0.08,0.17,-1.25,2.33,-1.25,3.0,2.83,3.0,3.0,2.83,3.0,4.25,0.49,4.25,3.5,3.54,3.5,15.0,19.8,15.0,2998.0,3621.8,2998.0,0.0,2.0
"PopCap Games, Inc.",29.09,16.26,36.36,0.17,0.09,0.21,-0.26,2.37,0.8,4.0,2.24,5.0,4.0,2.24,5.0,4.26,0.13,4.2,3.2,1.79,4.0,8.8,4.92,11.0,1533.6,790.23,1887.0,0.0,5.0
Prime Matter,18.52,23.13,11.11,0.03,0.04,0.02,0.77,0.68,1.0,3.33,2.89,5.0,4.23,0.35,4.2,3.47,0.81,3.6,1.67,2.08,1.0,8.0,1.73,9.0,3344.33,2401.74,4024.0,1.0,3.0
Prison Games,0.0,,0.0,0.0,,0.0,-3.6,,-3.6,0.0,,0.0,0.0,,0.0,3.6,,3.6,0.0,,0.0,0.0,,0.0,15.0,,15.0,0.0,1.0
Private Division,50.0,,50.0,0.03,,0.03,0.4,,0.4,5.0,,5.0,4.8,,4.8,4.4,,4.4,3.0,,3.0,6.0,,6.0,11545.0,,11545.0,1.0,1.0
ProjectMoon,27.27,,27.27,0.28,,0.28,1.7,,1.7,5.0,,5.0,5.0,,5.0,3.3,,3.3,3.0,,3.0,11.0,,11.0,1057.0,,1057.0,0.0,1.0
QubicGames S.A.,100.0,,100.0,2.5,,2.5,1.2,,1.2,5.0,,5.0,5.0,,5.0,3.8,,3.8,1.0,,1.0,1.0,,1.0,40.0,,40.0,0.0,1.0
ROCKFISH Games,4.54,6.43,4.54,0.02,0.02,0.02,-1.9,2.12,-1.9,2.5,3.54,2.5,1.75,2.47,1.75,3.65,0.35,3.65,0.5,0.71,0.5,5.5,7.78,5.5,2817.0,561.44,2817.0,0.0,2.0
Ravenscourt,23.81,13.46,23.81,0.12,0.11,0.12,0.65,1.34,0.65,4.5,0.71,4.5,4.15,0.78,4.15,3.5,0.57,3.5,1.0,0.0,1.0,5.0,2.83,5.0,1209.5,986.41,1209.5,0.0,2.0
Ravenscourt Games,31.71,,31.71,0.27,,0.27,0.2,,0.2,4.3,,4.3,4.6,,4.6,4.4,,4.4,26.0,,26.0,82.0,,82.0,9476.0,,9476.0,1.0,1.0
Raw Fury,13.45,24.07,0.0,1.79,4.62,0.0,-0.71,1.95,0.0,1.54,2.06,0.0,3.11,1.97,4.0,3.83,0.42,3.8,17.29,53.11,0.0,123.48,406.18,1.0,1339.33,1013.4,1155.0,6.0,21.0
Rebellion,12.79,14.7,9.8,0.06,0.08,0.04,0.65,0.45,0.6,2.03,2.3,1.6,4.43,0.7,4.7,3.78,0.54,3.9,2.67,4.08,0.5,13.5,19.88,3.5,3294.67,2526.98,3064.5,2.0,6.0
Rebellion Developments Ltd,0.0,,0.0,0.0,,0.0,0.9,,0.9,0.0,,0.0,5.0,,5.0,4.1,,4.1,0.0,,0.0,7.0,,7.0,3387.0,,3387.0,0.0,1.0
Red Panda Interactive,0.0,,0.0,0.0,,0.0,-4.4,,-4.4,0.0,,0.0,0.0,,0.0,4.4,,4.4,0.0,,0.0,0.0,,0.0,8.0,,8.0,0.0,1.0
Remedy Entertainment,100.0,,100.0,5.0,,5.0,0.2,,0.2,5.0,,5.0,5.0,,5.0,4.8,,4.8,1.0,,1.0,1.0,,1.0,20.0,,20.0,0.0,1.0
Revolution Software,33.33,,33.33,0.14,,0.14,-0.5,,-0.5,5.0,,5.0,3.7,,3.7,4.2,,4.2,2.0,,2.0,6.0,,6.0,1401.0,,1401.0,0.0,1.0
Rimlight Studios,0.0,,0.0,0.0,,0.0,-2.6,,-2.6,0.0,,0.0,0.0,,0.0,2.6,,2.6,0.0,,0.0,0.0,,0.0,5458.0,,5458.0,0.0,1.0
"Robot Entertainment, Inc.",0.0,,0.0,0.0,,0.0,-4.0,,-4.0,0.0,,0.0,0.0,,0.0,4.0,,4.0,0.0,,0.0,0.0,,0.0,1376.0,,1376.0,0.0,1.0
RogueCode PTY Ltd,0.0,,0.0,0.0,,0.0,-3.3,,-3.3,0.0,,0.0,0.0,,0.0,3.3,,3.3,0.0,,0.0,0.0,,0.0,727.0,,727.0,0.0,1.0
"Rose City Games, Kowloon Nights",0.0,,0.0,0.0,,0.0,-3.4,,-3.4,0.0,,0.0,0.0,,0.0,3.4,,3.4,0.0,,0.0,0.0,,0.0,1005.0,,1005.0,0.0,1.0
"Rose City Games, wiip",0.0,,0.0,0.0,,0.0,-3.4,,-3.4,0.0,,0.0,0.0,,0.0,3.4,,3.4,0.0,,0.0,0.0,,0.0,614.0,,614.0,0.0,1.0
RubberBandGames,28.38,,28.38,0.71,,0.71,0.3,,0.3,4.7,,4.7,4.6,,4.6,4.3,,4.3,42.0,,42.0,148.0,,148.0,5889.0,,5889.0,1.0,1.0
"RyseUp Studios, Starbreeze Publishing",10.34,,10.34,0.05,,0.05,0.2,,0.2,5.0,,5.0,4.8,,4.8,4.6,,4.6,3.0,,3.0,29.0,,29.0,5601.0,,5601.0,1.0,1.0
SEGA,34.02,33.18,30.95,0.9,3.23,0.16,-0.71,1.77,0.0,2.85,2.23,3.5,3.61,1.75,4.3,4.32,0.43,4.5,2.89,5.69,1.0,9.89,23.94,3.0,914.59,1111.77,552.0,1.0,27.0
SEGA Europe Ltd,19.27,30.18,0.0,0.06,0.1,0.0,-1.46,1.72,-1.7,1.73,2.25,0.0,2.1,2.11,1.75,3.56,0.66,3.65,1.6,2.63,0.0,5.7,11.65,1.5,2856.5,4361.53,1255.0,0.0,10.0
SEGA of America,10.26,0.0,10.26,10.26,0.0,10.26,0.0,0.0,0.0,4.9,0.0,4.9,4.9,0.0,4.9,4.9,0.0,4.9,8.0,0.0,8.0,78.0,0.0,78.0,78.0,0.0,78.0,0.0,2.0
"SEGA of America, Inc.",16.67,,16.67,0.06,,0.06,0.9,,0.9,5.0,,5.0,5.0,,5.0,4.1,,4.1,1.0,,1.0,6.0,,6.0,1556.0,,1556.0,0.0,1.0
"SK Telecom.co, Ltd.",0.0,,0.0,0.0,,0.0,1.7,,1.7,0.0,,0.0,5.0,,5.0,3.3,,3.3,0.0,,0.0,1.0,,1.0,782.0,,782.0,0.0,1.0
SMG Studio,0.0,0.0,0.0,0.0,0.0,0.0,-3.5,0.0,-3.5,0.0,0.0,0.0,0.0,0.0,0.0,3.5,0.0,3.5,0.0,0.0,0.0,0.0,0.0,0.0,1104.0,0.0,1104.0,0.0,4.0
SNK PLAYMORE,8.89,10.54,0.0,0.03,0.04,0.0,0.37,1.78,0.6,2.22,2.64,0.0,4.36,1.64,4.8,3.99,0.28,4.2,0.44,0.53,0.0,2.67,2.24,1.0,811.33,522.05,502.0,0.0,9.0
SNK PLAYMORE CORPORATION,50.0,70.71,50.0,0.14,0.2,0.14,0.75,0.07,0.75,2.5,3.54,2.5,5.0,0.0,5.0,4.25,0.07,4.25,0.5,0.71,0.5,2.5,2.12,2.5,471.5,159.1,471.5,0.0,2.0
SNK Playmore,50.0,0.0,50.0,0.25,0.0,0.25,-0.4,0.0,-0.4,4.0,0.0,4.0,3.5,0.0,3.5,3.9,0.0,3.9,1.0,0.0,1.0,2.0,0.0,2.0,400.0,0.0,400.0,0.0,4.0
SQUARE ENIX,18.54,16.18,14.29,0.16,0.25,0.08,0.15,0.79,0.1,3.06,2.19,4.0,4.03,1.03,4.2,3.89,0.64,4.0,3.0,3.25,2.0,12.27,10.57,9.0,2629.67,2920.29,1260.0,3.0,15.0
"SQUARE ENIX CO., LTD.",26.76,4.57,26.76,0.1,0.03,0.1,0.15,0.49,0.15,4.9,0.14,4.9,4.25,0.21,4.25,4.1,0.28,4.1,3.5,0.71,3.5,13.5,4.95,13.5,3740.0,1673.01,3740.0,0.0,2.0
SUNNY SIDE UP,0.0,,0.0,0.0,,0.0,-1.4,,-1.4,0.0,,0.0,2.3,,2.3,3.7,,3.7,0.0,,0.0,3.0,,3.0,1870.0,,1870.0,0.0,1.0
SUPERHOT Team,22.92,3.61,25.0,0.04,0.03,0.02,0.0,0.17,0.1,3.9,1.91,5.0,4.27,0.4,4.5,4.27,0.23,4.4,2.33,0.58,2.0,10.67,4.62,8.0,7803.67,3598.05,9881.0,1.0,3.0
Saber Interactive Inc.,63.64,,63.64,1.51,,1.51,0.2,,0.2,3.7,,3.7,4.1,,4.1,3.9,,3.9,7.0,,7.0,11.0,,11.0,463.0,,463.0,1.0,1.0
SadSquare Studio,50.0,,50.0,0.14,,0.14,0.1,,0.1,5.0,,5.0,4.0,,4.0,3.9,,3.9,4.0,,4.0,8.0,,8.0,2856.0,,2856.0,0.0,1.0
Secret Mode,0.0,0.0,0.0,0.0,0.0,0.0,-1.65,4.03,-1.65,0.0,0.0,0.0,2.5,3.54,2.5,4.15,0.49,4.15,0.0,0.0,0.0,0.5,0.71,0.5,308.5,433.46,308.5,0.0,2.0
Sega,33.34,47.14,33.34,0.1,0.13,0.1,0.7,0.42,0.7,2.5,3.54,2.5,5.0,0.0,5.0,4.3,0.42,4.3,1.0,1.41,1.0,2.5,0.71,2.5,617.0,636.4,617.0,0.0,2.0
SeithCG,0.0,,0.0,0.0,,0.0,0.6,,0.6,0.0,,0.0,5.0,,5.0,4.4,,4.4,0.0,,0.0,1.0,,1.0,680.0,,680.0,0.0,1.0
Serenity Forge,14.04,24.31,0.0,0.2,0.34,0.0,-1.57,2.54,-0.1,1.67,2.89,0.0,2.83,2.51,3.7,4.4,0.56,4.5,8.0,13.86,0.0,20.0,32.08,3.0,1582.0,2179.52,627.0,0.0,3.0
Shin'en Multimedia GmbH,0.0,,0.0,0.0,,0.0,-3.8,,-3.8,0.0,,0.0,0.0,,0.0,3.8,,3.8,0.0,,0.0,0.0,,0.0,2412.0,,2412.0,0.0,1.0
Shiro Games,27.08,,27.08,0.29,,0.29,-0.3,,-0.3,3.5,,3.5,3.3,,3.3,3.6,,3.6,13.0,,13.0,48.0,,48.0,4459.0,,4459.0,1.0,1.0
Silver Lining Interactive,12.5,,12.5,0.07,,0.07,0.2,,0.2,3.0,,3.0,3.9,,3.9,3.7,,3.7,1.0,,1.0,8.0,,8.0,1528.0,,1528.0,0.0,1.0
Skookum Arts,0.0,,0.0,0.0,,0.0,-4.5,,-4.5,0.0,,0.0,0.0,,0.0,4.5,,4.5,0.0,,0.0,0.0,,0.0,2521.0,,2521.0,0.0,1.0
Skunkape Games LLC,0.0,0.0,0.0,0.0,0.0,0.0,-2.25,3.61,-2.25,0.0,0.0,0.0,2.5,3.54,2.5,4.75,0.07,4.75,0.0,0.0,0.0,0.5,0.71,0.5,82.5,43.13,82.5,0.0,2.0
Skybound Games,29.77,30.16,27.27,0.04,0.02,0.03,0.01,1.32,0.4,4.0,1.93,5.0,4.3,1.75,5.0,4.29,0.6,4.6,1.88,1.25,2.0,7.62,4.87,11.0,6246.88,4670.93,6710.0,5.0,8.0
Skystone Games Inc.,0.0,,0.0,0.0,,0.0,-3.6,,-3.6,0.0,,0.0,0.0,,0.0,3.6,,3.6,0.0,,0.0,0.0,,0.0,1138.0,,1138.0,0.0,1.0
Slitherine Ltd.,0.0,0.0,0.0,0.0,0.0,0.0,-2.75,1.48,-2.75,0.0,0.0,0.0,0.5,0.71,0.5,3.25,0.78,3.25,0.0,0.0,0.0,0.5,0.71,0.5,328.0,156.98,328.0,0.0,2.0
"Sloclap, Kepler Interactive",19.61,,19.61,0.21,,0.21,-0.3,,-0.3,3.6,,3.6,3.6,,3.6,3.9,,3.9,10.0,,10.0,51.0,,51.0,4770.0,,4770.0,1.0,1.0
Smilegate Entertainment,0.0,,0.0,0.0,,0.0,-2.6,,-2.6,0.0,,0.0,0.0,,0.0,2.6,,2.6,0.0,,0.0,0.0,,0.0,25.0,,25.0,0.0,1.0
Snapshot Games Inc,0.0,,0.0,0.0,,0.0,0.8,,0.8,0.0,,0.0,3.8,,3.8,3.0,,3.0,0.0,,0.0,6.0,,6.0,2594.0,,2594.0,1.0,1.0
Snowcastle Games,0.0,,0.0,0.0,,0.0,-4.2,,-4.2,0.0,,0.0,0.0,,0.0,4.2,,4.2,0.0,,0.0,0.0,,0.0,261.0,,261.0,0.0,1.0
Source Technology,0.0,,0.0,0.0,,0.0,-3.5,,-3.5,0.0,,0.0,0.0,,0.0,3.5,,3.5,0.0,,0.0,0.0,,0.0,59.0,,59.0,0.0,1.0
Spike Chunsoft,6.67,11.55,0.0,0.01,0.02,0.0,0.7,0.1,0.7,1.67,2.89,0.0,5.0,0.0,5.0,4.3,0.1,4.3,0.33,0.58,0.0,2.67,2.08,2.0,1946.33,600.4,2227.0,0.0,3.0
"Spike Chunsoft Co., Ltd.",0.0,0.0,0.0,0.0,0.0,0.0,-1.05,2.9,-1.05,0.0,0.0,0.0,2.5,3.54,2.5,3.55,0.64,3.55,0.0,0.0,0.0,0.5,0.71,0.5,895.0,89.1,895.0,0.0,2.0
Square Enix,21.01,20.71,16.67,0.12,0.17,0.06,0.11,1.17,0.2,3.18,2.24,4.3,4.24,1.36,4.6,4.13,0.56,4.4,3.0,4.26,2.0,13.62,18.3,8.0,4169.23,6475.78,1610.0,0.0,13.0
Square Enix LTD,7.14,,7.14,0.01,,0.01,-2.2,,-2.2,5.0,,5.0,2.0,,2.0,4.2,,4.2,1.0,,1.0,14.0,,14.0,12903.0,,12903.0,0.0,1.0
Square Enix Ltd,17.39,,17.39,0.02,,0.02,1.2,,1.2,4.2,,4.2,4.1,,4.1,2.9,,2.9,4.0,,4.0,23.0,,23.0,19345.0,,19345.0,0.0,1.0
Stardock Entertainment,0.0,0.0,0.0,0.0,0.0,0.0,-2.33,1.28,-2.65,0.0,0.0,0.0,0.75,1.5,0.0,3.08,0.49,3.1,0.0,0.0,0.0,0.25,0.5,0.0,184.5,50.64,177.5,0.0,4.0
Story Fort LLC,0.0,,0.0,0.0,,0.0,-2.6,,-2.6,0.0,,0.0,0.0,,0.0,2.6,,2.6,0.0,,0.0,0.0,,0.0,649.0,,649.0,0.0,1.0
Strange Scaffold,0.0,,0.0,0.0,,0.0,-3.6,,-3.6,0.0,,0.0,0.0,,0.0,3.6,,3.6,0.0,,0.0,0.0,,0.0,764.0,,764.0,0.0,1.0
Stray Bombay Company,100.0,,100.0,0.06,,0.06,-0.1,,-0.1,2.0,,2.0,2.0,,2.0,2.1,,2.1,1.0,,1.0,1.0,,1.0,1792.0,,1792.0,0.0,1.0
Studio Doodal,0.0,,0.0,0.0,,0.0,-3.4,,-3.4,0.0,,0.0,0.0,,0.0,3.4,,3.4,0.0,,0.0,0.0,,0.0,673.0,,673.0,0.0,1.0
Studio Inkyfox & Future Friends Games,0.0,,0.0,0.0,,0.0,-4.4,,-4.4,0.0,,0.0,0.0,,0.0,4.4,,4.4,0.0,,0.0,0.0,,0.0,3180.0,,3180.0,0.0,1.0
Studio Wildcard,37.47,5.85,37.47,0.54,0.49,0.54,0.4,0.14,0.4,3.6,0.57,3.6,3.5,0.71,3.5,3.1,0.57,3.1,80.0,107.48,80.0,193.5,256.68,193.5,9864.0,10900.76,9864.0,2.0,2.0
"StudioBando, Inc.",12.5,,12.5,0.91,,0.91,0.1,,0.1,2.0,,2.0,3.6,,3.6,3.5,,3.5,4.0,,4.0,32.0,,32.0,438.0,,438.0,1.0,1.0
Subset Games,50.0,70.71,50.0,0.26,0.37,0.26,-3.1,2.12,-3.1,1.5,2.12,1.5,1.5,2.12,1.5,4.6,0.0,4.6,0.5,0.71,0.5,0.5,0.71,0.5,353.5,232.64,353.5,0.0,2.0
Supergiant Games,23.47,,23.47,0.18,,0.18,-0.4,,-0.4,4.0,,4.0,4.2,,4.2,4.6,,4.6,23.0,,23.0,98.0,,98.0,12465.0,,12465.0,1.0,1.0
System Era Softworks,18.18,,18.18,0.06,,0.06,-0.2,,-0.2,2.9,,2.9,3.7,,3.7,3.9,,3.9,12.0,,12.0,66.0,,66.0,21766.0,,21766.0,1.0,1.0
THQ,37.65,29.2,50.0,0.25,0.31,0.17,-0.57,2.23,0.5,3.53,2.41,5.0,3.41,2.35,4.7,3.99,0.29,3.9,1.43,1.27,1.0,2.86,2.61,2.0,808.57,343.32,879.0,2.0,7.0
THQ Inc.,33.34,47.14,33.34,0.12,0.18,0.12,0.15,0.92,0.15,2.25,3.18,2.25,4.1,0.85,4.1,3.95,0.07,3.95,1.0,1.41,1.0,2.5,0.71,2.5,837.0,63.64,837.0,0.0,2.0
THQ Nordic,6.79,17.06,0.0,0.02,0.06,0.0,-0.91,2.1,0.1,0.71,1.75,0.0,2.85,2.13,3.6,3.77,0.5,3.8,0.63,2.36,0.0,3.67,6.12,1.0,1266.0,1404.45,864.0,1.0,27.0
THQ Nordic GmbH,0.0,0.0,0.0,0.0,0.0,0.0,0.1,0.0,0.1,0.0,0.0,0.0,4.3,0.0,4.3,4.2,0.0,4.2,0.0,0.0,0.0,6.0,0.0,6.0,5224.0,0.0,5224.0,0.0,2.0
"THQ, Inc.",0.0,0.0,0.0,0.0,0.0,0.0,0.3,0.0,0.3,0.0,0.0,0.0,4.8,0.0,4.8,4.5,0.0,4.5,0.0,0.0,0.0,4.0,0.0,4.0,860.0,0.0,860.0,4.0,4.0
Tactical Adventures,0.0,,0.0,0.0,,0.0,0.3,,0.3,0.0,,0.0,4.0,,4.0,3.7,,3.7,0.0,,0.0,1.0,,1.0,3219.0,,3219.0,0.0,1.0
TaleWorlds Entertainment,22.88,10.06,22.88,0.31,0.36,0.31,0.1,0.71,0.1,4.0,0.99,4.0,4.2,0.99,4.2,4.1,0.28,4.1,29.5,37.48,29.5,182.5,243.95,182.5,7938.0,2941.56,7938.0,1.0,2.0
Team Cherry,25.26,,25.26,0.38,,0.38,0.0,,0.0,4.6,,4.6,4.7,,4.7,4.7,,4.7,97.0,,97.0,384.0,,384.0,25201.0,,25201.0,1.0,1.0
Team Reptile,0.0,,0.0,0.0,,0.0,1.1,,1.1,0.0,,0.0,5.0,,5.0,3.9,,3.9,0.0,,0.0,2.0,,2.0,767.0,,767.0,0.0,1.0
Team17,21.01,27.52,10.0,0.06,0.08,0.04,-1.14,1.59,-0.85,0.92,1.44,0.5,2.51,1.45,2.7,3.65,0.49,3.7,3.31,11.39,0.5,11.0,34.43,3.0,1869.19,4316.81,1135.0,3.0,16.0
Team17 ,0.0,,0.0,0.0,,0.0,0.8,,0.8,0.0,,0.0,5.0,,5.0,4.2,,4.2,0.0,,0.0,1.0,,1.0,1107.0,,1107.0,0.0,1.0
Team17 Digital Ltd,15.54,22.3,0.0,0.03,0.05,0.0,-0.64,0.82,-0.7,0.76,1.48,0.0,3.56,0.9,3.5,4.19,0.37,4.0,0.53,1.01,0.0,3.47,2.74,4.0,1493.29,454.18,1525.0,2.0,17.0
Team17 Digital Ltd.,17.69,31.16,0.0,0.03,0.06,0.0,-1.07,1.54,-1.5,1.47,2.26,0.0,2.85,1.73,3.0,3.91,0.47,3.8,0.47,0.74,0.0,2.33,3.06,2.0,4706.33,5055.04,1424.0,1.0,15.0
Tecmo,4.76,8.25,0.0,0.04,0.08,0.0,0.1,0.52,0.4,1.67,2.89,0.0,4.77,0.4,5.0,4.67,0.12,4.6,1.0,1.73,0.0,13.67,6.35,10.0,1657.0,583.7,1320.0,0.0,3.0
Tecmo Koei America,0.0,,0.0,0.0,,0.0,-3.2,,-3.2,0.0,,0.0,0.0,,0.0,3.2,,3.2,0.0,,0.0,0.0,,0.0,131.0,,131.0,0.0,1.0
Telltale,55.26,42.35,50.0,0.1,0.05,0.12,0.37,0.15,0.4,4.83,0.29,5.0,4.9,0.1,4.9,4.53,0.21,4.6,3.0,2.65,2.0,14.33,20.55,4.0,5256.0,7063.74,1649.0,0.0,3.0
Telltale Games,31.66,25.93,31.66,0.09,0.06,0.09,0.45,0.49,0.45,4.5,0.71,4.5,4.55,0.07,4.55,4.1,0.42,4.1,1.5,0.71,1.5,8.5,9.19,8.5,1672.5,218.5,1672.5,0.0,2.0
Terrible Toybox,66.67,,66.67,0.16,,0.16,-0.4,,-0.4,4.5,,4.5,4.3,,4.3,4.7,,4.7,2.0,,2.0,3.0,,3.0,1219.0,,1219.0,0.0,1.0
The Arcade Crew,25.0,35.36,25.0,0.1,0.13,0.1,-2.25,2.47,-2.25,1.0,1.41,1.0,1.75,2.47,1.75,4.0,0.0,4.0,1.0,1.41,1.0,2.0,2.83,2.0,973.5,94.05,973.5,0.0,2.0
The Fun Pimps Entertainment LLC.,25.0,,25.0,0.07,,0.07,0.9,,0.9,5.0,,5.0,5.0,,5.0,4.1,,4.1,1.0,,1.0,4.0,,4.0,1398.0,,1398.0,0.0,1.0
The Game Bakers,37.5,17.68,37.5,0.11,0.11,0.11,-0.9,0.85,-0.9,3.0,2.83,3.0,3.6,0.85,3.6,4.5,0.0,4.5,1.0,0.0,1.0,3.0,1.41,3.0,1830.5,1851.91,1830.5,0.0,2.0
The Quantum Astrophysicists Guild,0.0,0.0,0.0,0.0,0.0,0.0,-0.6,2.69,-0.6,0.0,0.0,0.0,2.5,3.54,2.5,3.1,0.85,3.1,0.0,0.0,0.0,0.5,0.71,0.5,2233.0,2199.1,2233.0,0.0,2.0
The Voxel Agents,0.0,,0.0,0.0,,0.0,-4.5,,-4.5,0.0,,0.0,0.0,,0.0,4.5,,4.5,0.0,,0.0,0.0,,0.0,10358.0,,10358.0,0.0,1.0
"Thekla, Inc.",50.0,,50.0,0.05,,0.05,-0.1,,-0.1,5.0,,5.0,3.5,,3.5,3.6,,3.6,1.0,,1.0,2.0,,2.0,2005.0,,2005.0,0.0,1.0
Thorium Entertainment,0.0,,0.0,0.0,,0.0,1.0,,1.0,0.0,,0.0,5.0,,5.0,4.0,,4.0,0.0,,0.0,1.0,,1.0,1576.0,,1576.0,0.0,1.0
Thunder Lotus,29.17,,29.17,0.11,,0.11,0.0,,0.0,5.0,,5.0,4.3,,4.3,4.3,,4.3,7.0,,7.0,24.0,,24.0,6581.0,,6581.0,1.0,1.0
Thunderful,25.0,,25.0,0.05,,0.05,0.2,,0.2,4.6,,4.6,4.2,,4.2,4.0,,4.0,5.0,,5.0,20.0,,20.0,9240.0,,9240.0,1.0,1.0
Thunderful Publishing,11.63,16.45,11.63,0.06,0.08,0.06,-0.15,0.64,-0.15,2.45,3.46,2.45,4.3,0.85,4.3,4.45,0.21,4.45,5.0,7.07,5.0,25.0,25.46,25.0,5265.5,4594.07,5265.5,1.0,2.0
"Top Hat Studios, Inc.",44.19,,44.19,1.51,,1.51,0.1,,0.1,4.7,,4.7,4.6,,4.6,4.5,,4.5,19.0,,19.0,43.0,,43.0,1262.0,,1262.0,1.0,1.0
Toplitz Productions,50.5,22.86,50.5,0.4,0.05,0.4,0.65,0.92,0.65,3.85,0.21,3.85,4.05,0.35,4.05,3.4,0.57,3.4,18.0,22.63,18.0,51.0,67.88,51.0,4982.0,6388.0,4982.0,1.0,2.0
Total Mayhem Games,66.67,,66.67,0.14,,0.14,-1.9,,-1.9,1.5,,1.5,1.3,,1.3,3.2,,3.2,2.0,,2.0,3.0,,3.0,1399.0,,1399.0,0.0,1.0
Trapped Nerve Games,100.0,,100.0,0.08,,0.08,0.8,,0.8,5.0,,5.0,5.0,,5.0,4.2,,4.2,1.0,,1.0,1.0,,1.0,1232.0,,1232.0,0.0,1.0
Triangle Studios,0.0,,0.0,0.0,,0.0,-3.9,,-3.9,0.0,,0.0,0.0,,0.0,3.9,,3.9,0.0,,0.0,0.0,,0.0,233.0,,233.0,0.0,1.0
Tripwire Interactive LLC,35.48,,35.48,0.09,,0.09,0.2,,0.2,4.9,,4.9,4.3,,4.3,4.1,,4.1,11.0,,11.0,31.0,,31.0,12497.0,,12497.0,0.0,1.0
Twin Sails Interactive,0.0,0.0,0.0,0.0,0.0,0.0,-3.65,0.21,-3.65,0.0,0.0,0.0,0.0,0.0,0.0,3.65,0.21,3.65,0.0,0.0,0.0,0.0,0.0,0.0,2406.5,842.16,2406.5,0.0,2.0
UBISOFT,19.83,14.91,22.03,0.35,0.42,0.16,-0.88,1.44,-0.3,2.09,1.45,2.8,2.33,1.38,3.0,3.21,0.52,3.1,6.56,7.67,3.0,30.33,34.97,13.0,3547.22,4453.06,407.0,7.0,9.0
UbiSoft,14.29,,14.29,0.07,,0.07,0.3,,0.3,4.0,,4.0,4.3,,4.3,4.0,,4.0,1.0,,1.0,7.0,,7.0,1412.0,,1412.0,0.0,1.0
Ubisoft,17.66,13.98,20.45,0.17,0.56,0.03,-0.29,1.14,-0.1,2.62,1.9,3.4,3.67,1.16,4.0,3.96,0.53,4.2,7.06,11.91,3.0,29.98,43.36,13.0,16336.02,27212.13,3578.0,70.0,93.0
Ubisoft Entertainment,36.2,37.7,25.84,0.03,0.05,0.02,-0.74,0.55,-0.4,1.93,1.87,2.6,2.32,0.85,2.1,3.07,0.57,2.8,3.89,7.32,3.0,13.44,28.33,4.0,8315.0,5995.97,13293.0,9.0,9.0
Unbound Creations,0.0,,0.0,0.0,,0.0,-4.4,,-4.4,0.0,,0.0,0.0,,0.0,4.4,,4.4,0.0,,0.0,0.0,,0.0,1594.0,,1594.0,0.0,1.0
Unknown Worlds Entertainment,25.0,,25.0,0.08,,0.08,0.3,,0.3,4.7,,4.7,4.8,,4.8,4.5,,4.5,26.0,,26.0,104.0,,104.0,34183.0,,34183.0,0.0,1.0
"Unknown Worlds Entertainment, Inc.",21.43,,21.43,0.05,,0.05,0.2,,0.2,4.7,,4.7,4.4,,4.4,4.2,,4.2,3.0,,3.0,14.0,,14.0,6122.0,,6122.0,0.0,1.0
Valve,30.77,,30.77,0.15,,0.15,0.1,,0.1,5.0,,5.0,4.8,,4.8,4.7,,4.7,4.0,,4.0,13.0,,13.0,2610.0,,2610.0,0.0,1.0
Vector Unit,0.0,,0.0,0.0,,0.0,-0.1,,-0.1,0.0,,0.0,4.1,,4.1,4.2,,4.2,0.0,,0.0,7.0,,7.0,814.0,,814.0,0.0,1.0
Versus Evil,12.5,35.36,0.0,0.02,0.05,0.0,0.47,1.95,1.3,0.38,1.06,0.0,4.0,1.77,5.0,3.52,0.51,3.35,0.12,0.35,0.0,0.88,0.35,1.0,1823.38,1301.46,2284.5,1.0,8.0
"Versus Evil, LLC.",0.0,,0.0,0.0,,0.0,-2.7,,-2.7,0.0,,0.0,0.0,,0.0,2.7,,2.7,0.0,,0.0,0.0,,0.0,919.0,,919.0,0.0,1.0
Visai Games Inc,50.0,,50.0,0.03,,0.03,0.2,,0.2,5.0,,5.0,4.5,,4.5,4.3,,4.3,1.0,,1.0,2.0,,2.0,3511.0,,3511.0,0.0,1.0
Vlambeer,50.0,,50.0,0.15,,0.15,1.3,,1.3,5.0,,5.0,5.0,,5.0,3.7,,3.7,1.0,,1.0,2.0,,2.0,661.0,,661.0,0.0,1.0
"WB Games, Inc.",13.33,0.0,13.33,0.1,0.0,0.1,-0.8,0.0,-0.8,2.0,0.0,2.0,3.1,0.0,3.1,3.9,0.0,3.9,2.0,0.0,2.0,15.0,0.0,15.0,1993.0,0.0,1993.0,0.0,4.0
Wadjet Eye Games,0.0,,0.0,0.0,,0.0,-4.6,,-4.6,0.0,,0.0,0.0,,0.0,4.6,,4.6,0.0,,0.0,0.0,,0.0,232.0,,232.0,0.0,1.0
Wales Interactive,0.0,0.0,0.0,0.0,0.0,0.0,-0.55,1.34,-0.55,0.0,0.0,0.0,3.5,0.71,3.5,4.05,0.64,4.05,0.0,0.0,0.0,1.5,0.71,1.5,1551.0,435.58,1551.0,0.0,2.0
Warner Bros. Games,29.38,12.71,26.97,0.14,0.13,0.12,0.11,0.52,0.1,4.26,0.49,4.3,4.33,0.48,4.45,4.22,0.36,4.3,13.83,18.24,7.5,60.17,89.5,34.0,12995.94,13202.48,8048.5,4.0,18.0
Warner Bros. Interactive Entertainment,47.06,0.0,47.06,0.49,0.0,0.49,0.3,0.0,0.3,5.0,0.0,5.0,5.0,0.0,5.0,4.7,0.0,4.7,8.0,0.0,8.0,17.0,0.0,17.0,1639.0,0.0,1639.0,0.0,2.0
WayForward,11.11,33.33,0.0,0.02,0.07,0.0,-1.68,2.68,0.5,0.52,1.57,0.0,2.74,2.61,4.7,4.42,0.1,4.4,0.33,1.0,0.0,0.78,0.97,1.0,1754.44,266.8,1578.0,0.0,9.0
Whippoorwill Limited,0.0,,0.0,0.0,,0.0,0.3,,0.3,0.0,,0.0,5.0,,5.0,4.7,,4.7,0.0,,0.0,7.0,,7.0,4153.0,,4153.0,0.0,1.0
Whitethorn Games,32.06,36.75,13.33,0.14,0.13,0.17,0.1,2.32,1.1,3.26,2.37,5.0,3.67,1.92,4.9,3.57,0.67,3.4,1.43,1.51,1.0,7.0,10.65,2.0,1429.0,1096.49,1276.0,1.0,7.0
Wired Productions,16.94,23.58,8.34,0.02,0.03,0.01,-1.05,1.45,-1.15,2.45,2.69,2.35,2.13,2.36,1.9,3.18,0.98,3.1,0.83,1.17,0.5,2.5,2.81,2.0,2716.17,1490.58,2412.5,0.0,6.0
Wired Productions Ltd,0.0,,0.0,0.0,,0.0,-3.0,,-3.0,0.0,,0.0,0.0,,0.0,3.0,,3.0,0.0,,0.0,0.0,,0.0,739.0,,739.0,0.0,1.0
Witch Beam,0.0,,0.0,0.0,,0.0,-0.7,,-0.7,0.0,,0.0,3.0,,3.0,3.7,,3.7,0.0,,0.0,2.0,,2.0,1435.0,,1435.0,0.0,1.0
Worm Club,0.0,,0.0,0.0,,0.0,-4.4,,-4.4,0.0,,0.0,0.0,,0.0,4.4,,4.4,0.0,,0.0,0.0,,0.0,2475.0,,2475.0,0.0,1.0
Xbox Game Studios,28.03,19.17,22.82,0.15,0.22,0.07,0.18,0.63,0.3,3.82,1.38,4.0,4.23,0.71,4.5,4.05,0.48,4.2,65.13,401.28,3.0,285.89,1778.61,13.0,57306.28,290705.82,4149.5,38.0,54.0
Xbox Game Studios ,17.77,15.4,26.03,0.13,0.13,0.14,-0.03,0.06,0.0,2.73,2.38,3.9,3.87,0.51,4.0,3.9,0.56,4.0,12.33,10.69,18.0,49.33,35.1,66.0,7203.67,5894.26,6945.0,2.0,3.0
"Xbox Games Studios, Rare Ltd",22.22,,22.22,0.03,,0.03,0.2,,0.2,4.0,,4.0,3.9,,3.9,3.7,,3.7,2.0,,2.0,9.0,,9.0,6006.0,,6006.0,1.0,1.0
Xbox LIVE Arcade,0.0,,0.0,0.0,,0.0,-3.6,,-3.6,0.0,,0.0,0.0,,0.0,3.6,,3.6,0.0,,0.0,0.0,,0.0,283.0,,283.0,0.0,1.0
YCJY Games,0.0,,0.0,0.0,,0.0,1.6,,1.6,0.0,,0.0,5.0,,5.0,3.4,,3.4,0.0,,0.0,1.0,,1.0,881.0,,881.0,0.0,1.0
Yacht Club Games,0.0,,0.0,0.0,,0.0,-3.7,,-3.7,0.0,,0.0,0.0,,0.0,3.7,,3.7,0.0,,0.0,0.0,,0.0,1808.0,,1808.0,0.0,1.0
Young Horses,26.67,,26.67,0.12,,0.12,0.4,,0.4,5.0,,5.0,4.8,,4.8,4.4,,4.4,4.0,,4.0,15.0,,15.0,3324.0,,3324.0,0.0,1.0
Ysbryd Games,0.0,0.0,0.0,0.0,0.0,0.0,-3.1,1.21,-2.9,0.0,0.0,0.0,0.0,0.0,0.0,3.1,1.21,2.9,0.0,0.0,0.0,0.0,0.0,0.0,576.0,419.41,495.0,0.0,3.0
Zachtronics,0.0,0.0,0.0,0.0,0.0,0.0,-3.5,0.59,-3.4,0.0,0.0,0.0,0.0,0.0,0.0,3.5,0.59,3.4,0.0,0.0,0.0,0.0,0.0,0.0,236.5,87.73,267.0,0.0,4.0
Zen Studios,0.0,0.0,0.0,0.0,0.0,0.0,-3.57,0.16,-3.5,0.0,0.0,0.0,0.0,0.0,0.0,3.57,0.16,3.5,0.0,0.0,0.0,0.0,0.0,0.0,2892.83,972.86,3290.0,0.0,6.0
astragon Entertainment,26.67,,26.67,0.29,,0.29,0.1,,0.1,2.5,,2.5,3.3,,3.3,3.2,,3.2,4.0,,4.0,15.0,,15.0,1395.0,,1395.0,1.0,1.0
astragon Entertainment GmbH,0.0,,0.0,0.0,,0.0,-3.8,,-3.8,0.0,,0.0,0.0,,0.0,3.8,,3.8,0.0,,0.0,0.0,,0.0,50.0,,50.0,1.0,1.0
bilibili Game,0.0,,0.0,0.0,,0.0,-2.2,,-2.2,0.0,,0.0,0.0,,0.0,2.2,,2.2,0.0,,0.0,0.0,,0.0,3296.0,,3296.0,0.0,1.0
cdv Software Entertainment,33.33,,33.33,0.13,,0.13,0.8,,0.8,5.0,,5.0,5.0,,5.0,4.2,,4.2,1.0,,1.0,3.0,,3.0,759.0,,759.0,0.0,1.0
"iam8bit, Inc.",0.0,,0.0,0.0,,0.0,-4.1,,-4.1,0.0,,0.0,0.0,,0.0,4.1,,4.1,0.0,,0.0,0.0,,0.0,3079.0,,3079.0,0.0,1.0
"inXile entertainment, Inc. ",0.0,,0.0,0.0,,0.0,-3.9,,-3.9,0.0,,0.0,0.0,,0.0,3.9,,3.9,0.0,,0.0,0.0,,0.0,606.0,,606.0,1.0,1.0
"inXile entertainment, inc. ",66.67,,66.67,0.19,,0.19,-0.3,,-0.3,3.5,,3.5,3.0,,3.0,3.3,,3.3,2.0,,2.0,3.0,,3.0,1027.0,,1027.0,1.0,1.0
indie.io,0.0,0.0,0.0,0.0,0.0,0.0,-1.0,3.11,-1.0,0.0,0.0,0.0,2.5,3.54,2.5,3.5,0.42,3.5,0.0,0.0,0.0,0.5,0.71,0.5,931.0,439.82,931.0,0.0,2.0
"nWay, Inc",36.36,,36.36,0.38,,0.38,-0.3,,-0.3,2.2,,2.2,2.5,,2.5,2.8,,2.8,12.0,,12.0,33.0,,33.0,3173.0,,3173.0,0.0,1.0
straka.studio s.r.o.,0.0,,0.0,0.0,,0.0,-2.8,,-2.8,0.0,,0.0,0.0,,0.0,2.8,,2.8,0.0,,0.0,0.0,,0.0,874.0,,874.0,0.0,1.0
tinyBuild,14.06,26.06,0.0,0.28,1.08,0.0,-1.09,2.16,-0.25,1.43,2.02,0.0,2.59,2.22,3.55,3.68,0.65,3.75,2.5,6.44,0.0,38.94,137.55,1.0,2321.0,1794.42,2145.5,1.0,18.0
tinyBuild GAMES,0.0,,0.0,0.0,,0.0,-3.8,,-3.8,0.0,,0.0,0.0,,0.0,3.8,,3.8,0.0,,0.0,0.0,,0.0,2337.0,,2337.0,0.0,1.0
unidevstudio,0.0,,0.0,0.0,,0.0,-3.9,,-3.9,0.0,,0.0,0.0,,0.0,3.9,,3.9,0.0,,0.0,0.0,,0.0,479.0,,479.0,0.0,1.0
æ ªå¼ä¼šç¤¾ ã‚«ãƒ—ã‚³ãƒ³,0.0,,0.0,0.0,,0.0,1.4,,1.4,0.0,,0.0,5.0,,5.0,3.6,,3.6,0.0,,0.0,1.0,,1.0,241.0,,241.0,0.0,1.0
